"","sequence","support"
"1","<{100}>",0.19047619047619
"2","<{10007}>",0.130952380952381
"3","<{10023}>",0.261904761904762
"4","<{10036}>",0.19047619047619
"5","<{1004}>",0.113095238095238
"6","<{10040}>",0.18452380952381
"7","<{10049}>",0.130952380952381
"8","<{100610}>",0.107142857142857
"9","<{10122}>",0.107142857142857
"10","<{10142}>",0.101190476190476
"11","<{10144}>",0.130952380952381
"12","<{10153}>",0.136904761904762
"13","<{1017}>",0.119047619047619
"14","<{10173}>",0.160714285714286
"15","<{10188}>",0.148809523809524
"16","<{10249}>",0.113095238095238
"17","<{10265}>",0.172619047619048
"18","<{10270}>",0.125
"19","<{10280}>",0.148809523809524
"20","<{10285}>",0.119047619047619
"21","<{10310}>",0.166666666666667
"22","<{1032}>",0.273809523809524
"23","<{10343}>",0.285714285714286
"24","<{10356}>",0.303571428571429
"25","<{10392}>",0.130952380952381
"26","<{1045}>",0.172619047619048
"27","<{10458}>",0.125
"28","<{10475}>",0.113095238095238
"29","<{10499}>",0.107142857142857
"30","<{10526}>",0.208333333333333
"31","<{10529}>",0.196428571428571
"32","<{10561}>",0.101190476190476
"33","<{10608}>",0.142857142857143
"34","<{1061}>",0.166666666666667
"35","<{10631}>",0.130952380952381
"36","<{1069}>",0.261904761904762
"37","<{10707}>",0.113095238095238
"38","<{10711}>",0.101190476190476
"39","<{10718}>",0.119047619047619
"40","<{10719}>",0.101190476190476
"41","<{10722}>",0.166666666666667
"42","<{10745}>",0.255952380952381
"43","<{10766}>",0.19047619047619
"44","<{10810}>",0.107142857142857
"45","<{10814}>",0.148809523809524
"46","<{10819}>",0.154761904761905
"47","<{10822}>",0.130952380952381
"48","<{10834}>",0.166666666666667
"49","<{1084}>",0.571428571428571
"50","<{10840}>",0.380952380952381
"51","<{10845}>",0.291666666666667
"52","<{10846}>",0.130952380952381
"53","<{1088}>",0.107142857142857
"54","<{10902}>",0.136904761904762
"55","<{109221}>",0.101190476190476
"56","<{10972}>",0.297619047619048
"57","<{10986}>",0.142857142857143
"58","<{1100}>",0.297619047619048
"59","<{11020}>",0.154761904761905
"60","<{11021}>",0.136904761904762
"61","<{11022}>",0.107142857142857
"62","<{11047}>",0.380952380952381
"63","<{11092}>",0.148809523809524
"64","<{11110}>",0.113095238095238
"65","<{1112}>",0.196428571428571
"66","<{1113}>",0.107142857142857
"67","<{1118}>",0.273809523809524
"68","<{1119}>",0.178571428571429
"69","<{11195}>",0.130952380952381
"70","<{1121}>",0.226190476190476
"71","<{11218}>",0.130952380952381
"72","<{1122}>",0.148809523809524
"73","<{11229}>",0.148809523809524
"74","<{1123}>",0.148809523809524
"75","<{11232}>",0.101190476190476
"76","<{11292}>",0.130952380952381
"77","<{11299}>",0.113095238095238
"78","<{11310}>",0.238095238095238
"79","<{11341}>",0.101190476190476
"80","<{1135}>",0.208333333333333
"81","<{11358}>",0.113095238095238
"82","<{11361}>",0.202380952380952
"83","<{11368}>",0.142857142857143
"84","<{11382}>",0.226190476190476
"85","<{11399}>",0.148809523809524
"86","<{114309}>",0.160714285714286
"87","<{11434}>",0.130952380952381
"88","<{11440}>",0.148809523809524
"89","<{11442}>",0.107142857142857
"90","<{11443}>",0.136904761904762
"91","<{11448}>",0.101190476190476
"92","<{11462}>",0.101190476190476
"93","<{11470}>",0.125
"94","<{1148}>",0.5
"95","<{11480}>",0.196428571428571
"96","<{11504}>",0.196428571428571
"97","<{1151}>",0.107142857142857
"98","<{1152}>",0.119047619047619
"99","<{11521}>",0.285714285714286
"100","<{11592}>",0.208333333333333
"101","<{11627}>",0.196428571428571
"102","<{1172}>",0.142857142857143
"103","<{11735}>",0.101190476190476
"104","<{11756}>",0.113095238095238
"105","<{1179}>",0.208333333333333
"106","<{11802}>",0.101190476190476
"107","<{11842}>",0.119047619047619
"108","<{11878}>",0.101190476190476
"109","<{11904}>",0.166666666666667
"110","<{11933}>",0.142857142857143
"111","<{1202}>",0.166666666666667
"112","<{1204}>",0.357142857142857
"113","<{1205}>",0.148809523809524
"114","<{12082}>",0.125
"115","<{1221}>",0.107142857142857
"116","<{1222}>",0.339285714285714
"117","<{12258}>",0.142857142857143
"118","<{1226}>",0.196428571428571
"119","<{12282}>",0.101190476190476
"120","<{12293}>",0.113095238095238
"121","<{12321}>",0.208333333333333
"122","<{12355}>",0.244047619047619
"123","<{12366}>",0.113095238095238
"124","<{12372}>",0.101190476190476
"125","<{12377}>",0.136904761904762
"126","<{124}>",0.136904761904762
"127","<{1240}>",0.464285714285714
"128","<{12410}>",0.178571428571429
"129","<{12424}>",0.226190476190476
"130","<{12437}>",0.107142857142857
"131","<{12446}>",0.130952380952381
"132","<{12447}>",0.125
"133","<{12476}>",0.101190476190476
"134","<{12492}>",0.107142857142857
"135","<{12522}>",0.136904761904762
"136","<{12542}>",0.119047619047619
"137","<{12545}>",0.119047619047619
"138","<{12546}>",0.119047619047619
"139","<{12549}>",0.125
"140","<{12561}>",0.119047619047619
"141","<{12604}>",0.119047619047619
"142","<{12608}>",0.130952380952381
"143","<{1264}>",0.107142857142857
"144","<{12681}>",0.101190476190476
"145","<{12735}>",0.119047619047619
"146","<{12749}>",0.19047619047619
"147","<{12767}>",0.101190476190476
"148","<{12778}>",0.101190476190476
"149","<{12783}>",0.160714285714286
"150","<{12803}>",0.196428571428571
"151","<{12817}>",0.154761904761905
"152","<{12827}>",0.125
"153","<{12890}>",0.285714285714286
"154","<{12902}>",0.327380952380952
"155","<{12976}>",0.291666666666667
"156","<{12980}>",0.101190476190476
"157","<{12998}>",0.107142857142857
"158","<{1302}>",0.333333333333333
"159","<{130202}>",0.130952380952381
"160","<{1303}>",0.136904761904762
"161","<{13031}>",0.107142857142857
"162","<{1304}>",0.107142857142857
"163","<{13085}>",0.154761904761905
"164","<{1310}>",0.113095238095238
"165","<{13120}>",0.214285714285714
"166","<{13134}>",0.166666666666667
"167","<{13189}>",0.107142857142857
"168","<{13214}>",0.142857142857143
"169","<{13225}>",0.178571428571429
"170","<{1327}>",0.136904761904762
"171","<{13298}>",0.136904761904762
"172","<{13304}>",0.160714285714286
"173","<{13329}>",0.125
"174","<{1337}>",0.142857142857143
"175","<{1344}>",0.214285714285714
"176","<{13442}>",0.101190476190476
"177","<{1345}>",0.166666666666667
"178","<{1347}>",0.107142857142857
"179","<{1348}>",0.19047619047619
"180","<{13502}>",0.107142857142857
"181","<{13508}>",0.136904761904762
"182","<{13515}>",0.101190476190476
"183","<{13569}>",0.160714285714286
"184","<{13602}>",0.154761904761905
"185","<{13683}>",0.267857142857143
"186","<{13688}>",0.119047619047619
"187","<{1369}>",0.130952380952381
"188","<{1373}>",0.119047619047619
"189","<{13732}>",0.202380952380952
"190","<{1374}>",0.214285714285714
"191","<{13747}>",0.18452380952381
"192","<{1375}>",0.101190476190476
"193","<{13757}>",0.125
"194","<{13761}>",0.119047619047619
"195","<{13822}>",0.202380952380952
"196","<{13823}>",0.119047619047619
"197","<{13827}>",0.178571428571429
"198","<{13828}>",0.166666666666667
"199","<{1384}>",0.18452380952381
"200","<{1385}>",0.166666666666667
"201","<{13889}>",0.136904761904762
"202","<{13894}>",0.107142857142857
"203","<{13929}>",0.130952380952381
"204","<{13934}>",0.101190476190476
"205","<{13946}>",0.154761904761905
"206","<{13947}>",0.113095238095238
"207","<{13963}>",0.25
"208","<{13982}>",0.291666666666667
"209","<{14057}>",0.154761904761905
"210","<{14062}>",0.119047619047619
"211","<{14095}>",0.107142857142857
"212","<{14111}>",0.196428571428571
"213","<{14119}>",0.226190476190476
"214","<{14121}>",0.101190476190476
"215","<{1425}>",0.202380952380952
"216","<{14279}>",0.101190476190476
"217","<{14308}>",0.113095238095238
"218","<{1431}>",0.130952380952381
"219","<{14312}>",0.101190476190476
"220","<{1433}>",0.107142857142857
"221","<{14363}>",0.125
"222","<{14385}>",0.101190476190476
"223","<{14408}>",0.107142857142857
"224","<{1444}>",0.107142857142857
"225","<{14440}>",0.107142857142857
"226","<{14473}>",0.101190476190476
"227","<{14568}>",0.125
"228","<{14595}>",0.142857142857143
"229","<{14631}>",0.244047619047619
"230","<{1466}>",0.25
"231","<{14686}>",0.119047619047619
"232","<{14724}>",0.220238095238095
"233","<{14727}>",0.136904761904762
"234","<{14730}>",0.101190476190476
"235","<{14765}>",0.130952380952381
"236","<{14863}>",0.136904761904762
"237","<{14865}>",0.136904761904762
"238","<{14868}>",0.172619047619048
"239","<{14880}>",0.119047619047619
"240","<{149}>",0.154761904761905
"241","<{14941}>",0.101190476190476
"242","<{14976}>",0.214285714285714
"243","<{150}>",0.386904761904762
"244","<{15016}>",0.119047619047619
"245","<{1505}>",0.119047619047619
"246","<{1506}>",0.130952380952381
"247","<{15069}>",0.160714285714286
"248","<{1516}>",0.154761904761905
"249","<{15182}>",0.18452380952381
"250","<{15183}>",0.107142857142857
"251","<{15188}>",0.19047619047619
"252","<{15225}>",0.303571428571429
"253","<{152409}>",0.130952380952381
"254","<{1526}>",0.130952380952381
"255","<{15292}>",0.101190476190476
"256","<{1531}>",0.125
"257","<{15344}>",0.166666666666667
"258","<{1542}>",0.220238095238095
"259","<{15461}>",0.113095238095238
"260","<{1554}>",0.148809523809524
"261","<{15545}>",0.125
"262","<{1555}>",0.160714285714286
"263","<{1556}>",0.196428571428571
"264","<{15577}>",0.178571428571429
"265","<{15653}>",0.172619047619048
"266","<{15686}>",0.101190476190476
"267","<{15706}>",0.166666666666667
"268","<{15710}>",0.113095238095238
"269","<{15740}>",0.321428571428571
"270","<{15763}>",0.119047619047619
"271","<{15783}>",0.130952380952381
"272","<{15808}>",0.130952380952381
"273","<{15814}>",0.130952380952381
"274","<{15826}>",0.291666666666667
"275","<{1594}>",0.273809523809524
"276","<{1596}>",0.166666666666667
"277","<{1601}>",0.148809523809524
"278","<{16016}>",0.130952380952381
"279","<{1606}>",0.160714285714286
"280","<{16090}>",0.119047619047619
"281","<{16092}>",0.107142857142857
"282","<{16100}>",0.148809523809524
"283","<{16116}>",0.136904761904762
"284","<{16151}>",0.130952380952381
"285","<{16170}>",0.113095238095238
"286","<{1627}>",0.119047619047619
"287","<{16282}>",0.136904761904762
"288","<{16335}>",0.107142857142857
"289","<{1641}>",0.119047619047619
"290","<{16445}>",0.267857142857143
"291","<{16480}>",0.107142857142857
"292","<{16544}>",0.101190476190476
"293","<{16575}>",0.101190476190476
"294","<{1668}>",0.160714285714286
"295","<{16680}>",0.125
"296","<{16681}>",0.119047619047619
"297","<{16738}>",0.136904761904762
"298","<{16803}>",0.113095238095238
"299","<{1687}>",0.119047619047619
"300","<{1688}>",0.101190476190476
"301","<{16955}>",0.148809523809524
"302","<{17}>",0.101190476190476
"303","<{17006}>",0.172619047619048
"304","<{17014}>",0.136904761904762
"305","<{17044}>",0.196428571428571
"306","<{17099}>",0.107142857142857
"307","<{1712}>",0.398809523809524
"308","<{17264}>",0.130952380952381
"309","<{1728}>",0.136904761904762
"310","<{173}>",0.351190476190476
"311","<{1734}>",0.196428571428571
"312","<{17352}>",0.113095238095238
"313","<{1736}>",0.19047619047619
"314","<{17374}>",0.154761904761905
"315","<{17385}>",0.130952380952381
"316","<{174}>",0.125
"317","<{1740}>",0.136904761904762
"318","<{17410}>",0.214285714285714
"319","<{17430}>",0.101190476190476
"320","<{17451}>",0.178571428571429
"321","<{17534}>",0.107142857142857
"322","<{17536}>",0.220238095238095
"323","<{17544}>",0.142857142857143
"324","<{17552}>",0.148809523809524
"325","<{17563}>",0.279761904761905
"326","<{17576}>",0.119047619047619
"327","<{1763}>",0.136904761904762
"328","<{1764}>",0.178571428571429
"329","<{1767}>",0.125
"330","<{1768}>",0.196428571428571
"331","<{17691}>",0.101190476190476
"332","<{17751}>",0.101190476190476
"333","<{17780}>",0.125
"334","<{17795}>",0.125
"335","<{17798}>",0.119047619047619
"336","<{17847}>",0.101190476190476
"337","<{17863}>",0.119047619047619
"338","<{17866}>",0.125
"339","<{17910}>",0.101190476190476
"340","<{1794}>",0.208333333333333
"341","<{1806}>",0.19047619047619
"342","<{18071}>",0.142857142857143
"343","<{1808}>",0.30952380952381
"344","<{1813}>",0.446428571428571
"345","<{1826}>",0.107142857142857
"346","<{18384}>",0.130952380952381
"347","<{18394}>",0.125
"348","<{18397}>",0.18452380952381
"349","<{18405}>",0.148809523809524
"350","<{18429}>",0.154761904761905
"351","<{18457}>",0.119047619047619
"352","<{1848}>",0.113095238095238
"353","<{18484}>",0.154761904761905
"354","<{18559}>",0.107142857142857
"355","<{18564}>",0.130952380952381
"356","<{18577}>",0.160714285714286
"357","<{18578}>",0.125
"358","<{18583}>",0.136904761904762
"359","<{18658}>",0.119047619047619
"360","<{187}>",0.214285714285714
"361","<{18702}>",0.136904761904762
"362","<{18729}>",0.166666666666667
"363","<{18730}>",0.113095238095238
"364","<{1876}>",0.160714285714286
"365","<{1877}>",0.125
"366","<{18786}>",0.136904761904762
"367","<{1879}>",0.142857142857143
"368","<{18915}>",0.196428571428571
"369","<{1894}>",0.113095238095238
"370","<{18969}>",0.154761904761905
"371","<{18977}>",0.101190476190476
"372","<{190}>",0.267857142857143
"373","<{19005}>",0.148809523809524
"374","<{1903}>",0.136904761904762
"375","<{19056}>",0.136904761904762
"376","<{1912}>",0.369047619047619
"377","<{19128}>",0.101190476190476
"378","<{19161}>",0.160714285714286
"379","<{19189}>",0.130952380952381
"380","<{1919}>",0.142857142857143
"381","<{19226}>",0.113095238095238
"382","<{19245}>",0.119047619047619
"383","<{19320}>",0.130952380952381
"384","<{19335}>",0.101190476190476
"385","<{1936}>",0.113095238095238
"386","<{19393}>",0.107142857142857
"387","<{194}>",0.494047619047619
"388","<{19431}>",0.214285714285714
"389","<{19534}>",0.125
"390","<{19540}>",0.101190476190476
"391","<{1955}>",0.142857142857143
"392","<{19580}>",0.172619047619048
"393","<{19663}>",0.202380952380952
"394","<{19695}>",0.113095238095238
"395","<{19753}>",0.113095238095238
"396","<{19755}>",0.125
"397","<{1982}>",0.125
"398","<{19846}>",0.101190476190476
"399","<{1985}>",0.148809523809524
"400","<{19946}>",0.142857142857143
"401","<{19984}>",0.119047619047619
"402","<{20065}>",0.107142857142857
"403","<{20138}>",0.178571428571429
"404","<{20188}>",0.113095238095238
"405","<{2019}>",0.125
"406","<{20275}>",0.178571428571429
"407","<{2030}>",0.220238095238095
"408","<{20326}>",0.208333333333333
"409","<{20327}>",0.113095238095238
"410","<{20352}>",0.142857142857143
"411","<{20369}>",0.107142857142857
"412","<{20460}>",0.113095238095238
"413","<{20470}>",0.130952380952381
"414","<{2052}>",0.154761904761905
"415","<{2058}>",0.238095238095238
"416","<{2059}>",0.130952380952381
"417","<{20622}>",0.160714285714286
"418","<{2063}>",0.119047619047619
"419","<{2066}>",0.244047619047619
"420","<{20677}>",0.166666666666667
"421","<{20704}>",0.113095238095238
"422","<{2073}>",0.119047619047619
"423","<{20807}>",0.160714285714286
"424","<{20814}>",0.130952380952381
"425","<{2092}>",0.148809523809524
"426","<{2099}>",0.196428571428571
"427","<{20995}>",0.125
"428","<{2103}>",0.130952380952381
"429","<{21037}>",0.208333333333333
"430","<{21068}>",0.119047619047619
"431","<{21124}>",0.154761904761905
"432","<{2118}>",0.303571428571429
"433","<{2119}>",0.148809523809524
"434","<{21229}>",0.154761904761905
"435","<{2123}>",0.154761904761905
"436","<{21271}>",0.101190476190476
"437","<{21291}>",0.148809523809524
"438","<{21294}>",0.208333333333333
"439","<{21418}>",0.136904761904762
"440","<{215}>",0.202380952380952
"441","<{21511}>",0.18452380952381
"442","<{2154}>",0.172619047619048
"443","<{21599}>",0.166666666666667
"444","<{21607}>",0.125
"445","<{21618}>",0.107142857142857
"446","<{2162}>",0.125
"447","<{21642}>",0.130952380952381
"448","<{21656}>",0.166666666666667
"449","<{217}>",0.19047619047619
"450","<{21883}>",0.142857142857143
"451","<{21902}>",0.119047619047619
"452","<{2192}>",0.125
"453","<{21965}>",0.172619047619048
"454","<{22}>",0.101190476190476
"455","<{22042}>",0.148809523809524
"456","<{22052}>",0.119047619047619
"457","<{22113}>",0.148809523809524
"458","<{22173}>",0.119047619047619
"459","<{22179}>",0.107142857142857
"460","<{22257}>",0.107142857142857
"461","<{223}>",0.125
"462","<{2233}>",0.220238095238095
"463","<{2236}>",0.517857142857143
"464","<{2239}>",0.18452380952381
"465","<{2240}>",0.130952380952381
"466","<{2241}>",0.172619047619048
"467","<{22428}>",0.202380952380952
"468","<{22438}>",0.130952380952381
"469","<{22439}>",0.166666666666667
"470","<{225}>",0.494047619047619
"471","<{2252}>",0.142857142857143
"472","<{2261}>",0.18452380952381
"473","<{2264}>",0.148809523809524
"474","<{22642}>",0.130952380952381
"475","<{22646}>",0.125
"476","<{22724}>",0.101190476190476
"477","<{22762}>",0.101190476190476
"478","<{22773}>",0.202380952380952
"479","<{2281}>",0.232142857142857
"480","<{2284}>",0.107142857142857
"481","<{2289}>",0.107142857142857
"482","<{22908}>",0.142857142857143
"483","<{22916}>",0.154761904761905
"484","<{22924}>",0.244047619047619
"485","<{23088}>",0.208333333333333
"486","<{23096}>",0.154761904761905
"487","<{231}>",0.333333333333333
"488","<{2317}>",0.113095238095238
"489","<{23186}>",0.125
"490","<{2328}>",0.125
"491","<{234}>",0.148809523809524
"492","<{23404}>",0.136904761904762
"493","<{23409}>",0.148809523809524
"494","<{23519}>",0.130952380952381
"495","<{2352}>",0.107142857142857
"496","<{2353}>",0.154761904761905
"497","<{2356}>",0.101190476190476
"498","<{2357}>",0.410714285714286
"499","<{23681}>",0.125
"500","<{23721}>",0.113095238095238
"501","<{23739}>",0.130952380952381
"502","<{23749}>",0.107142857142857
"503","<{23840}>",0.119047619047619
"504","<{2395}>",0.172619047619048
"505","<{2399}>",0.101190476190476
"506","<{24}>",0.136904761904762
"507","<{24010}>",0.113095238095238
"508","<{2403}>",0.18452380952381
"509","<{24036}>",0.119047619047619
"510","<{24091}>",0.130952380952381
"511","<{24099}>",0.113095238095238
"512","<{24108}>",0.101190476190476
"513","<{24149}>",0.136904761904762
"514","<{24163}>",0.101190476190476
"515","<{24203}>",0.113095238095238
"516","<{24237}>",0.107142857142857
"517","<{2427}>",0.107142857142857
"518","<{24270}>",0.172619047619048
"519","<{2436}>",0.136904761904762
"520","<{2443}>",0.101190476190476
"521","<{24434}>",0.113095238095238
"522","<{2449}>",0.119047619047619
"523","<{245}>",0.303571428571429
"524","<{24552}>",0.119047619047619
"525","<{246}>",0.333333333333333
"526","<{24642}>",0.119047619047619
"527","<{24660}>",0.119047619047619
"528","<{2480}>",0.154761904761905
"529","<{24810}>",0.148809523809524
"530","<{24881}>",0.101190476190476
"531","<{24905}>",0.107142857142857
"532","<{2495}>",0.125
"533","<{2501}>",0.125
"534","<{25074}>",0.101190476190476
"535","<{2509}>",0.107142857142857
"536","<{25133}>",0.125
"537","<{2514}>",0.119047619047619
"538","<{25161}>",0.160714285714286
"539","<{25258}>",0.119047619047619
"540","<{25268}>",0.101190476190476
"541","<{2529}>",0.148809523809524
"542","<{25295}>",0.142857142857143
"543","<{2533}>",0.172619047619048
"544","<{25342}>",0.119047619047619
"545","<{2539}>",0.18452380952381
"546","<{25450}>",0.119047619047619
"547","<{2546}>",0.148809523809524
"548","<{255}>",0.148809523809524
"549","<{25535}>",0.19047619047619
"550","<{25589}>",0.130952380952381
"551","<{2560}>",0.196428571428571
"552","<{25639}>",0.166666666666667
"553","<{2577}>",0.31547619047619
"554","<{25815}>",0.101190476190476
"555","<{25887}>",0.113095238095238
"556","<{25935}>",0.107142857142857
"557","<{25965}>",0.172619047619048
"558","<{25981}>",0.101190476190476
"559","<{2606}>",0.505952380952381
"560","<{26076}>",0.148809523809524
"561","<{26244}>",0.142857142857143
"562","<{26262}>",0.125
"563","<{26314}>",0.119047619047619
"564","<{26496}>",0.136904761904762
"565","<{2650}>",0.166666666666667
"566","<{26554}>",0.113095238095238
"567","<{2660}>",0.369047619047619
"568","<{26604}>",0.119047619047619
"569","<{26649}>",0.136904761904762
"570","<{26683}>",0.101190476190476
"571","<{26785}>",0.154761904761905
"572","<{268}>",0.25
"573","<{26953}>",0.136904761904762
"574","<{27079}>",0.142857142857143
"575","<{27197}>",0.136904761904762
"576","<{272}>",0.202380952380952
"577","<{2722}>",0.285714285714286
"578","<{27231}>",0.107142857142857
"579","<{27255}>",0.148809523809524
"580","<{27412}>",0.107142857142857
"581","<{27441}>",0.101190476190476
"582","<{27505}>",0.160714285714286
"583","<{27776}>",0.119047619047619
"584","<{2780}>",0.136904761904762
"585","<{27854}>",0.130952380952381
"586","<{2792}>",0.119047619047619
"587","<{2793}>",0.214285714285714
"588","<{2809}>",0.166666666666667
"589","<{281}>",0.18452380952381
"590","<{2811}>",0.148809523809524
"591","<{2812}>",0.154761904761905
"592","<{2823}>",0.113095238095238
"593","<{28346}>",0.107142857142857
"594","<{2845}>",0.119047619047619
"595","<{28535}>",0.148809523809524
"596","<{2858}>",0.321428571428571
"597","<{2859}>",0.25
"598","<{28655}>",0.101190476190476
"599","<{287}>",0.214285714285714
"600","<{2871}>",0.208333333333333
"601","<{2873}>",0.470238095238095
"602","<{2875}>",0.178571428571429
"603","<{288}>",0.208333333333333
"604","<{2880}>",0.196428571428571
"605","<{2887}>",0.160714285714286
"606","<{28898}>",0.130952380952381
"607","<{2891}>",0.160714285714286
"608","<{29}>",0.327380952380952
"609","<{2902}>",0.136904761904762
"610","<{2926}>",0.101190476190476
"611","<{29337}>",0.154761904761905
"612","<{29348}>",0.107142857142857
"613","<{2942}>",0.232142857142857
"614","<{2946}>",0.125
"615","<{2949}>",0.130952380952381
"616","<{2950}>",0.125
"617","<{29500}>",0.101190476190476
"618","<{2952}>",0.148809523809524
"619","<{296}>",0.18452380952381
"620","<{29614}>",0.136904761904762
"621","<{2969}>",0.130952380952381
"622","<{2970}>",0.148809523809524
"623","<{29710}>",0.119047619047619
"624","<{2972}>",0.31547619047619
"625","<{2977}>",0.208333333333333
"626","<{29802}>",0.166666666666667
"627","<{29837}>",0.119047619047619
"628","<{2984}>",0.154761904761905
"629","<{2990}>",0.136904761904762
"630","<{2991}>",0.107142857142857
"631","<{3006}>",0.101190476190476
"632","<{301}>",0.220238095238095
"633","<{30298}>",0.107142857142857
"634","<{3030}>",0.380952380952381
"635","<{30302}>",0.136904761904762
"636","<{3031}>",0.130952380952381
"637","<{30337}>",0.107142857142857
"638","<{3038}>",0.178571428571429
"639","<{30460}>",0.136904761904762
"640","<{3047}>",0.31547619047619
"641","<{305}>",0.303571428571429
"642","<{3064}>",0.178571428571429
"643","<{3075}>",0.386904761904762
"644","<{3084}>",0.220238095238095
"645","<{3089}>",0.125
"646","<{30940}>",0.101190476190476
"647","<{30989}>",0.101190476190476
"648","<{3103}>",0.18452380952381
"649","<{3104}>",0.148809523809524
"650","<{3119}>",0.583333333333333
"651","<{3121}>",0.375
"652","<{3123}>",0.226190476190476
"653","<{3124}>",0.113095238095238
"654","<{3127}>",0.422619047619048
"655","<{3128}>",0.30952380952381
"656","<{31301}>",0.136904761904762
"657","<{31417}>",0.107142857142857
"658","<{31423}>",0.160714285714286
"659","<{3148}>",0.101190476190476
"660","<{3163}>",0.18452380952381
"661","<{3166}>",0.226190476190476
"662","<{31709}>",0.125
"663","<{3171}>",0.148809523809524
"664","<{31743}>",0.130952380952381
"665","<{31752}>",0.208333333333333
"666","<{3177}>",0.107142857142857
"667","<{3186}>",0.196428571428571
"668","<{3194}>",0.101190476190476
"669","<{31941}>",0.119047619047619
"670","<{32}>",0.101190476190476
"671","<{3205}>",0.351190476190476
"672","<{32114}>",0.136904761904762
"673","<{32131}>",0.136904761904762
"674","<{32257}>",0.166666666666667
"675","<{3240}>",0.142857142857143
"676","<{3248}>",0.136904761904762
"677","<{3249}>",0.303571428571429
"678","<{32526}>",0.119047619047619
"679","<{3254}>",0.107142857142857
"680","<{32631}>",0.107142857142857
"681","<{3273}>",0.375
"682","<{3279}>",0.160714285714286
"683","<{32803}>",0.19047619047619
"684","<{32830}>",0.113095238095238
"685","<{32930}>",0.208333333333333
"686","<{33}>",0.148809523809524
"687","<{330}>",0.119047619047619
"688","<{33040}>",0.172619047619048
"689","<{33062}>",0.107142857142857
"690","<{331}>",0.327380952380952
"691","<{33153}>",0.148809523809524
"692","<{3319}>",0.196428571428571
"693","<{3324}>",0.208333333333333
"694","<{33279}>",0.113095238095238
"695","<{3333}>",0.154761904761905
"696","<{33368}>",0.136904761904762
"697","<{3343}>",0.160714285714286
"698","<{3345}>",0.285714285714286
"699","<{33468}>",0.160714285714286
"700","<{33501}>",0.202380952380952
"701","<{33574}>",0.178571428571429
"702","<{33690}>",0.166666666666667
"703","<{3376}>",0.142857142857143
"704","<{33763}>",0.196428571428571
"705","<{3377}>",0.119047619047619
"706","<{3386}>",0.113095238095238
"707","<{3388}>",0.18452380952381
"708","<{3399}>",0.160714285714286
"709","<{34}>",0.18452380952381
"710","<{34049}>",0.19047619047619
"711","<{34070}>",0.130952380952381
"712","<{3408}>",0.458333333333333
"713","<{3413}>",0.160714285714286
"714","<{3414}>",0.130952380952381
"715","<{3426}>",0.107142857142857
"716","<{3428}>",0.232142857142857
"717","<{343}>",0.214285714285714
"718","<{34322}>",0.119047619047619
"719","<{34352}>",0.142857142857143
"720","<{3441}>",0.142857142857143
"721","<{3442}>",0.44047619047619
"722","<{3448}>",0.101190476190476
"723","<{3452}>",0.261904761904762
"724","<{34582}>",0.130952380952381
"725","<{3459}>",0.119047619047619
"726","<{3462}>",0.125
"727","<{3470}>",0.113095238095238
"728","<{3473}>",0.172619047619048
"729","<{3474}>",0.238095238095238
"730","<{34770}>",0.136904761904762
"731","<{34781}>",0.202380952380952
"732","<{3481}>",0.202380952380952
"733","<{34819}>",0.166666666666667
"734","<{3482}>",0.172619047619048
"735","<{3486}>",0.136904761904762
"736","<{34941}>",0.172619047619048
"737","<{3495}>",0.220238095238095
"738","<{35085}>",0.142857142857143
"739","<{351}>",0.261904761904762
"740","<{3518}>",0.107142857142857
"741","<{35233}>",0.142857142857143
"742","<{3526}>",0.18452380952381
"743","<{3529}>",0.273809523809524
"744","<{3530}>",0.136904761904762
"745","<{35354}>",0.136904761904762
"746","<{354}>",0.101190476190476
"747","<{3545}>",0.422619047619048
"748","<{3546}>",0.19047619047619
"749","<{3549}>",0.142857142857143
"750","<{3553}>",0.113095238095238
"751","<{3555}>",0.208333333333333
"752","<{3561}>",0.172619047619048
"753","<{35659}>",0.142857142857143
"754","<{35669}>",0.154761904761905
"755","<{3569}>",0.148809523809524
"756","<{35763}>",0.107142857142857
"757","<{3584}>",0.267857142857143
"758","<{35847}>",0.107142857142857
"759","<{35850}>",0.101190476190476
"760","<{3586}>",0.220238095238095
"761","<{3587}>",0.101190476190476
"762","<{3592}>",0.142857142857143
"763","<{35989}>",0.130952380952381
"764","<{360}>",0.172619047619048
"765","<{36095}>",0.107142857142857
"766","<{3627}>",0.130952380952381
"767","<{36326}>",0.113095238095238
"768","<{3635}>",0.107142857142857
"769","<{3647}>",0.25
"770","<{36506}>",0.19047619047619
"771","<{3666}>",0.172619047619048
"772","<{36901}>",0.107142857142857
"773","<{36943}>",0.178571428571429
"774","<{3701}>",0.119047619047619
"775","<{3702}>",0.428571428571429
"776","<{37052}>",0.119047619047619
"777","<{3715}>",0.160714285714286
"778","<{37293}>",0.101190476190476
"779","<{37356}>",0.101190476190476
"780","<{3741}>",0.154761904761905
"781","<{375}>",0.130952380952381
"782","<{3764}>",0.422619047619048
"783","<{37683}>",0.136904761904762
"784","<{3771}>",0.369047619047619
"785","<{37724}>",0.19047619047619
"786","<{3784}>",0.125
"787","<{3787}>",0.166666666666667
"788","<{3797}>",0.25
"789","<{3799}>",0.101190476190476
"790","<{3803}>",0.166666666666667
"791","<{38041}>",0.113095238095238
"792","<{38135}>",0.166666666666667
"793","<{38322}>",0.166666666666667
"794","<{3835}>",0.107142857142857
"795","<{3836}>",0.18452380952381
"796","<{3839}>",0.119047619047619
"797","<{38458}>",0.101190476190476
"798","<{3848}>",0.178571428571429
"799","<{3850}>",0.119047619047619
"800","<{38509}>",0.113095238095238
"801","<{3852}>",0.113095238095238
"802","<{3853}>",0.404761904761905
"803","<{3854}>",0.178571428571429
"804","<{38586}>",0.154761904761905
"805","<{38620}>",0.107142857142857
"806","<{387}>",0.142857142857143
"807","<{3875}>",0.113095238095238
"808","<{388}>",0.107142857142857
"809","<{3881}>",0.220238095238095
"810","<{3883}>",0.130952380952381
"811","<{3906}>",0.214285714285714
"812","<{3912}>",0.125
"813","<{3913}>",0.172619047619048
"814","<{3925}>",0.488095238095238
"815","<{3927}>",0.196428571428571
"816","<{3932}>",0.232142857142857
"817","<{394}>",0.339285714285714
"818","<{395}>",0.142857142857143
"819","<{3953}>",0.208333333333333
"820","<{3967}>",0.357142857142857
"821","<{3968}>",0.428571428571429
"822","<{397}>",0.297619047619048
"823","<{3986}>",0.125
"824","<{3990}>",0.226190476190476
"825","<{400}>",0.107142857142857
"826","<{4006}>",0.363095238095238
"827","<{4017}>",0.130952380952381
"828","<{4019}>",0.125
"829","<{4042}>",0.113095238095238
"830","<{4049}>",0.136904761904762
"831","<{4058}>",0.101190476190476
"832","<{406}>",0.273809523809524
"833","<{4067}>",0.125
"834","<{407}>",0.196428571428571
"835","<{410}>",0.113095238095238
"836","<{41026}>",0.119047619047619
"837","<{41032}>",0.136904761904762
"838","<{4104}>",0.119047619047619
"839","<{4113}>",0.101190476190476
"840","<{41160}>",0.18452380952381
"841","<{4121}>",0.363095238095238
"842","<{41321}>",0.107142857142857
"843","<{4144}>",0.148809523809524
"844","<{41453}>",0.119047619047619
"845","<{4146}>",0.142857142857143
"846","<{41549}>",0.101190476190476
"847","<{4156}>",0.142857142857143
"848","<{4159}>",0.101190476190476
"849","<{4161}>",0.142857142857143
"850","<{41695}>",0.119047619047619
"851","<{41697}>",0.113095238095238
"852","<{4176}>",0.119047619047619
"853","<{418}>",0.101190476190476
"854","<{4180}>",0.339285714285714
"855","<{4188}>",0.214285714285714
"856","<{419}>",0.101190476190476
"857","<{41961}>",0.101190476190476
"858","<{4223}>",0.30952380952381
"859","<{4231}>",0.160714285714286
"860","<{4235}>",0.119047619047619
"861","<{4240}>",0.160714285714286
"862","<{4245}>",0.130952380952381
"863","<{425}>",0.178571428571429
"864","<{4255}>",0.267857142857143
"865","<{4259}>",0.172619047619048
"866","<{4266}>",0.244047619047619
"867","<{4269}>",0.107142857142857
"868","<{4282}>",0.130952380952381
"869","<{4287}>",0.19047619047619
"870","<{4290}>",0.202380952380952
"871","<{4305}>",0.136904761904762
"872","<{4321}>",0.130952380952381
"873","<{4349}>",0.446428571428571
"874","<{4365}>",0.136904761904762
"875","<{4384}>",0.160714285714286
"876","<{4392}>",0.119047619047619
"877","<{4394}>",0.18452380952381
"878","<{4396}>",0.107142857142857
"879","<{44}>",0.166666666666667
"880","<{4409}>",0.101190476190476
"881","<{44151}>",0.136904761904762
"882","<{4418}>",0.166666666666667
"883","<{442}>",0.107142857142857
"884","<{4420}>",0.125
"885","<{4433}>",0.142857142857143
"886","<{4437}>",0.25
"887","<{44409}>",0.119047619047619
"888","<{446}>",0.130952380952381
"889","<{4466}>",0.130952380952381
"890","<{4480}>",0.148809523809524
"891","<{4484}>",0.166666666666667
"892","<{4494}>",0.136904761904762
"893","<{4508}>",0.214285714285714
"894","<{4520}>",0.119047619047619
"895","<{45214}>",0.142857142857143
"896","<{45234}>",0.101190476190476
"897","<{4535}>",0.136904761904762
"898","<{45463}>",0.119047619047619
"899","<{45618}>",0.107142857142857
"900","<{457}>",0.458333333333333
"901","<{45733}>",0.119047619047619
"902","<{4583}>",0.154761904761905
"903","<{4584}>",0.369047619047619
"904","<{459}>",0.303571428571429
"905","<{46}>",0.125
"906","<{460}>",0.267857142857143
"907","<{4608}>",0.113095238095238
"908","<{46299}>",0.119047619047619
"909","<{4632}>",0.125
"910","<{4638}>",0.107142857142857
"911","<{464}>",0.178571428571429
"912","<{46468}>",0.101190476190476
"913","<{4653}>",0.19047619047619
"914","<{4654}>",0.130952380952381
"915","<{4659}>",0.166666666666667
"916","<{4663}>",0.214285714285714
"917","<{4670}>",0.261904761904762
"918","<{4681}>",0.178571428571429
"919","<{4690}>",0.238095238095238
"920","<{4691}>",0.166666666666667
"921","<{4699}>",0.113095238095238
"922","<{4700}>",0.285714285714286
"923","<{4712}>",0.119047619047619
"924","<{4721}>",0.172619047619048
"925","<{4723}>",0.25
"926","<{47282}>",0.142857142857143
"927","<{4729}>",0.119047619047619
"928","<{4730}>",0.148809523809524
"929","<{47395}>",0.160714285714286
"930","<{47478}>",0.107142857142857
"931","<{475}>",0.136904761904762
"932","<{476}>",0.119047619047619
"933","<{47645}>",0.101190476190476
"934","<{47676}>",0.130952380952381
"935","<{47782}>",0.113095238095238
"936","<{4782}>",0.255952380952381
"937","<{47822}>",0.101190476190476
"938","<{47855}>",0.113095238095238
"939","<{4786}>",0.196428571428571
"940","<{4787}>",0.369047619047619
"941","<{4788}>",0.101190476190476
"942","<{4801}>",0.208333333333333
"943","<{48079}>",0.101190476190476
"944","<{4811}>",0.25
"945","<{4826}>",0.202380952380952
"946","<{4846}>",0.130952380952381
"947","<{4882}>",0.101190476190476
"948","<{4883}>",0.226190476190476
"949","<{48895}>",0.101190476190476
"950","<{48960}>",0.107142857142857
"951","<{49025}>",0.142857142857143
"952","<{49086}>",0.130952380952381
"953","<{4909}>",0.107142857142857
"954","<{4927}>",0.267857142857143
"955","<{4949}>",0.113095238095238
"956","<{49504}>",0.113095238095238
"957","<{4972}>",0.160714285714286
"958","<{49856}>",0.101190476190476
"959","<{4992}>",0.172619047619048
"960","<{49969}>",0.113095238095238
"961","<{4997}>",0.107142857142857
"962","<{5002}>",0.166666666666667
"963","<{50098}>",0.136904761904762
"964","<{50358}>",0.107142857142857
"965","<{50403}>",0.101190476190476
"966","<{5055}>",0.327380952380952
"967","<{50610}>",0.107142857142857
"968","<{5069}>",0.44047619047619
"969","<{5075}>",0.148809523809524
"970","<{508}>",0.267857142857143
"971","<{50813}>",0.119047619047619
"972","<{50895}>",0.107142857142857
"973","<{5099}>",0.327380952380952
"974","<{512}>",0.125
"975","<{5144}>",0.107142857142857
"976","<{5157}>",0.113095238095238
"977","<{51665}>",0.148809523809524
"978","<{5175}>",0.130952380952381
"979","<{5183}>",0.119047619047619
"980","<{51976}>",0.119047619047619
"981","<{5204}>",0.18452380952381
"982","<{52189}>",0.113095238095238
"983","<{522}>",0.166666666666667
"984","<{52334}>",0.119047619047619
"985","<{5246}>",0.119047619047619
"986","<{5249}>",0.119047619047619
"987","<{52567}>",0.119047619047619
"988","<{5266}>",0.107142857142857
"989","<{5267}>",0.154761904761905
"990","<{5271}>",0.113095238095238
"991","<{5289}>",0.154761904761905
"992","<{52945}>",0.125
"993","<{53096}>",0.113095238095238
"994","<{5321}>",0.125
"995","<{5331}>",0.172619047619048
"996","<{534}>",0.130952380952381
"997","<{53519}>",0.113095238095238
"998","<{538}>",0.148809523809524
"999","<{53855}>",0.119047619047619
"1000","<{53873}>",0.119047619047619
"1001","<{54208}>",0.136904761904762
"1002","<{5424}>",0.107142857142857
"1003","<{5435}>",0.136904761904762
"1004","<{5445}>",0.119047619047619
"1005","<{545}>",0.297619047619048
"1006","<{54619}>",0.113095238095238
"1007","<{5470}>",0.107142857142857
"1008","<{5475}>",0.101190476190476
"1009","<{5495}>",0.172619047619048
"1010","<{5501}>",0.142857142857143
"1011","<{5504}>",0.125
"1012","<{55068}>",0.136904761904762
"1013","<{55104}>",0.113095238095238
"1014","<{55296}>",0.101190476190476
"1015","<{5534}>",0.166666666666667
"1016","<{5538}>",0.130952380952381
"1017","<{5556}>",0.125
"1018","<{5557}>",0.148809523809524
"1019","<{5565}>",0.136904761904762
"1020","<{55739}>",0.101190476190476
"1021","<{5585}>",0.119047619047619
"1022","<{559}>",0.303571428571429
"1023","<{5595}>",0.226190476190476
"1024","<{5599}>",0.107142857142857
"1025","<{561}>",0.154761904761905
"1026","<{56163}>",0.125
"1027","<{5618}>",0.125
"1028","<{562}>",0.202380952380952
"1029","<{5620}>",0.101190476190476
"1030","<{5624}>",0.25
"1031","<{5636}>",0.18452380952381
"1032","<{56366}>",0.113095238095238
"1033","<{565}>",0.345238095238095
"1034","<{5682}>",0.18452380952381
"1035","<{5684}>",0.43452380952381
"1036","<{56845}>",0.142857142857143
"1037","<{5686}>",0.279761904761905
"1038","<{570}>",0.357142857142857
"1039","<{5708}>",0.101190476190476
"1040","<{57104}>",0.101190476190476
"1041","<{57115}>",0.119047619047619
"1042","<{5720}>",0.142857142857143
"1043","<{5721}>",0.178571428571429
"1044","<{57238}>",0.125
"1045","<{5749}>",0.142857142857143
"1046","<{5757}>",0.18452380952381
"1047","<{5771}>",0.18452380952381
"1048","<{5777}>",0.142857142857143
"1049","<{578}>",0.130952380952381
"1050","<{57840}>",0.101190476190476
"1051","<{5789}>",0.255952380952381
"1052","<{5801}>",0.160714285714286
"1053","<{5807}>",0.136904761904762
"1054","<{5813}>",0.107142857142857
"1055","<{5817}>",0.160714285714286
"1056","<{5818}>",0.18452380952381
"1057","<{5833}>",0.130952380952381
"1058","<{5835}>",0.238095238095238
"1059","<{584}>",0.19047619047619
"1060","<{5846}>",0.166666666666667
"1061","<{5847}>",0.160714285714286
"1062","<{585}>",0.505952380952381
"1063","<{5856}>",0.125
"1064","<{5858}>",0.160714285714286
"1065","<{58654}>",0.107142857142857
"1066","<{58729}>",0.119047619047619
"1067","<{58798}>",0.130952380952381
"1068","<{5886}>",0.107142857142857
"1069","<{5897}>",0.113095238095238
"1070","<{5918}>",0.285714285714286
"1071","<{5922}>",0.154761904761905
"1072","<{5923}>",0.142857142857143
"1073","<{5932}>",0.196428571428571
"1074","<{5937}>",0.18452380952381
"1075","<{5941}>",0.113095238095238
"1076","<{5943}>",0.535714285714286
"1077","<{5967}>",0.119047619047619
"1078","<{597}>",0.113095238095238
"1079","<{5979}>",0.113095238095238
"1080","<{6001}>",0.101190476190476
"1081","<{6017}>",0.136904761904762
"1082","<{60171}>",0.107142857142857
"1083","<{60199}>",0.130952380952381
"1084","<{6021}>",0.113095238095238
"1085","<{60371}>",0.119047619047619
"1086","<{60519}>",0.125
"1087","<{60559}>",0.107142857142857
"1088","<{608}>",0.148809523809524
"1089","<{60906}>",0.101190476190476
"1090","<{6099}>",0.119047619047619
"1091","<{60995}>",0.107142857142857
"1092","<{6103}>",0.196428571428571
"1093","<{6107}>",0.166666666666667
"1094","<{611}>",0.136904761904762
"1095","<{61227}>",0.101190476190476
"1096","<{614}>",0.154761904761905
"1097","<{61499}>",0.101190476190476
"1098","<{6166}>",0.19047619047619
"1099","<{6175}>",0.166666666666667
"1100","<{6190}>",0.244047619047619
"1101","<{62101}>",0.113095238095238
"1102","<{6213}>",0.130952380952381
"1103","<{6222}>",0.148809523809524
"1104","<{62344}>",0.136904761904762
"1105","<{6259}>",0.196428571428571
"1106","<{62590}>",0.107142857142857
"1107","<{626}>",0.101190476190476
"1108","<{6262}>",0.30952380952381
"1109","<{628}>",0.214285714285714
"1110","<{62908}>",0.148809523809524
"1111","<{6294}>",0.303571428571429
"1112","<{6296}>",0.380952380952381
"1113","<{6298}>",0.107142857142857
"1114","<{6313}>",0.148809523809524
"1115","<{6318}>",0.101190476190476
"1116","<{63192}>",0.125
"1117","<{63252}>",0.130952380952381
"1118","<{6326}>",0.178571428571429
"1119","<{63338}>",0.101190476190476
"1120","<{63404}>",0.101190476190476
"1121","<{6349}>",0.321428571428571
"1122","<{63602}>",0.148809523809524
"1123","<{63628}>",0.148809523809524
"1124","<{640}>",0.113095238095238
"1125","<{6404}>",0.107142857142857
"1126","<{641}>",0.154761904761905
"1127","<{64203}>",0.101190476190476
"1128","<{64323}>",0.119047619047619
"1129","<{6433}>",0.285714285714286
"1130","<{6436}>",0.196428571428571
"1131","<{6444}>",0.345238095238095
"1132","<{6455}>",0.107142857142857
"1133","<{6464}>",0.172619047619048
"1134","<{6476}>",0.101190476190476
"1135","<{6496}>",0.154761904761905
"1136","<{6507}>",0.154761904761905
"1137","<{6522}>",0.154761904761905
"1138","<{6529}>",0.101190476190476
"1139","<{6536}>",0.172619047619048
"1140","<{6543}>",0.136904761904762
"1141","<{65673}>",0.125
"1142","<{6572}>",0.202380952380952
"1143","<{6575}>",0.160714285714286
"1144","<{6605}>",0.19047619047619
"1145","<{6608}>",0.214285714285714
"1146","<{661}>",0.178571428571429
"1147","<{662}>",0.196428571428571
"1148","<{66335}>",0.125
"1149","<{6663}>",0.107142857142857
"1150","<{6673}>",0.113095238095238
"1151","<{66869}>",0.101190476190476
"1152","<{669}>",0.107142857142857
"1153","<{6704}>",0.142857142857143
"1154","<{6709}>",0.303571428571429
"1155","<{67238}>",0.107142857142857
"1156","<{6806}>",0.208333333333333
"1157","<{681}>",0.214285714285714
"1158","<{6851}>",0.297619047619048
"1159","<{6869}>",0.226190476190476
"1160","<{689}>",0.25
"1161","<{6891}>",0.232142857142857
"1162","<{6900}>",0.101190476190476
"1163","<{6919}>",0.130952380952381
"1164","<{6924}>",0.160714285714286
"1165","<{6927}>",0.125
"1166","<{6933}>",0.107142857142857
"1167","<{6943}>",0.130952380952381
"1168","<{6957}>",0.244047619047619
"1169","<{6967}>",0.119047619047619
"1170","<{69865}>",0.142857142857143
"1171","<{69987}>",0.19047619047619
"1172","<{7}>",0.166666666666667
"1173","<{70}>",0.148809523809524
"1174","<{7028}>",0.125
"1175","<{7029}>",0.107142857142857
"1176","<{70342}>",0.18452380952381
"1177","<{7048}>",0.303571428571429
"1178","<{7053}>",0.107142857142857
"1179","<{7059}>",0.202380952380952
"1180","<{7061}>",0.345238095238095
"1181","<{707}>",0.107142857142857
"1182","<{7109}>",0.107142857142857
"1183","<{7113}>",0.44047619047619
"1184","<{7115}>",0.18452380952381
"1185","<{712}>",0.392857142857143
"1186","<{7152}>",0.101190476190476
"1187","<{7167}>",0.107142857142857
"1188","<{7185}>",0.107142857142857
"1189","<{720}>",0.148809523809524
"1190","<{721}>",0.214285714285714
"1191","<{7214}>",0.107142857142857
"1192","<{7220}>",0.214285714285714
"1193","<{72303}>",0.107142857142857
"1194","<{724}>",0.5
"1195","<{72567}>",0.125
"1196","<{726}>",0.267857142857143
"1197","<{728}>",0.125
"1198","<{7303}>",0.148809523809524
"1199","<{7304}>",0.107142857142857
"1200","<{73128}>",0.166666666666667
"1201","<{7332}>",0.166666666666667
"1202","<{7379}>",0.446428571428571
"1203","<{739}>",0.178571428571429
"1204","<{74}>",0.571428571428571
"1205","<{7423}>",0.101190476190476
"1206","<{7426}>",0.113095238095238
"1207","<{7473}>",0.125
"1208","<{7477}>",0.125
"1209","<{7486}>",0.19047619047619
"1210","<{7498}>",0.113095238095238
"1211","<{75}>",0.238095238095238
"1212","<{7518}>",0.285714285714286
"1213","<{7520}>",0.130952380952381
"1214","<{7521}>",0.125
"1215","<{7530}>",0.113095238095238
"1216","<{7534}>",0.107142857142857
"1217","<{7543}>",0.130952380952381
"1218","<{7546}>",0.327380952380952
"1219","<{7569}>",0.119047619047619
"1220","<{759}>",0.119047619047619
"1221","<{760}>",0.107142857142857
"1222","<{7616}>",0.107142857142857
"1223","<{7659}>",0.261904761904762
"1224","<{767}>",0.148809523809524
"1225","<{770}>",0.386904761904762
"1226","<{7731}>",0.119047619047619
"1227","<{7746}>",0.101190476190476
"1228","<{7752}>",0.19047619047619
"1229","<{7768}>",0.101190476190476
"1230","<{7808}>",0.214285714285714
"1231","<{781}>",0.303571428571429
"1232","<{78416}>",0.113095238095238
"1233","<{787}>",0.202380952380952
"1234","<{789}>",0.238095238095238
"1235","<{7890}>",0.130952380952381
"1236","<{7903}>",0.279761904761905
"1237","<{7916}>",0.160714285714286
"1238","<{7923}>",0.130952380952381
"1239","<{7938}>",0.130952380952381
"1240","<{7988}>",0.18452380952381
"1241","<{8006}>",0.166666666666667
"1242","<{8058}>",0.154761904761905
"1243","<{807}>",0.130952380952381
"1244","<{8076}>",0.107142857142857
"1245","<{8085}>",0.113095238095238
"1246","<{8086}>",0.166666666666667
"1247","<{809}>",0.160714285714286
"1248","<{8094}>",0.136904761904762
"1249","<{81}>",0.113095238095238
"1250","<{8115}>",0.107142857142857
"1251","<{8122}>",0.18452380952381
"1252","<{8123}>",0.172619047619048
"1253","<{815}>",0.279761904761905
"1254","<{8157}>",0.18452380952381
"1255","<{8195}>",0.18452380952381
"1256","<{8199}>",0.142857142857143
"1257","<{82}>",0.244047619047619
"1258","<{8200}>",0.113095238095238
"1259","<{8202}>",0.113095238095238
"1260","<{8218}>",0.136904761904762
"1261","<{8244}>",0.154761904761905
"1262","<{8258}>",0.107142857142857
"1263","<{8279}>",0.18452380952381
"1264","<{8333}>",0.19047619047619
"1265","<{8338}>",0.113095238095238
"1266","<{8364}>",0.166666666666667
"1267","<{8392}>",0.101190476190476
"1268","<{84051}>",0.130952380952381
"1269","<{8417}>",0.119047619047619
"1270","<{8424}>",0.202380952380952
"1271","<{8433}>",0.125
"1272","<{8464}>",0.160714285714286
"1273","<{8474}>",0.130952380952381
"1274","<{8493}>",0.166666666666667
"1275","<{8511}>",0.119047619047619
"1276","<{8551}>",0.125
"1277","<{8552}>",0.208333333333333
"1278","<{8559}>",0.244047619047619
"1279","<{85755}>",0.130952380952381
"1280","<{8642}>",0.136904761904762
"1281","<{865}>",0.339285714285714
"1282","<{869}>",0.119047619047619
"1283","<{8702}>",0.101190476190476
"1284","<{8703}>",0.369047619047619
"1285","<{8711}>",0.101190476190476
"1286","<{87269}>",0.142857142857143
"1287","<{875}>",0.267857142857143
"1288","<{8750}>",0.178571428571429
"1289","<{8788}>",0.19047619047619
"1290","<{8814}>",0.154761904761905
"1291","<{8817}>",0.166666666666667
"1292","<{8856}>",0.178571428571429
"1293","<{887}>",0.113095238095238
"1294","<{8880}>",0.107142857142857
"1295","<{8883}>",0.214285714285714
"1296","<{8913}>",0.154761904761905
"1297","<{8917}>",0.107142857142857
"1298","<{8920}>",0.142857142857143
"1299","<{8922}>",0.279761904761905
"1300","<{8950}>",0.119047619047619
"1301","<{8970}>",0.130952380952381
"1302","<{8971}>",0.119047619047619
"1303","<{8992}>",0.136904761904762
"1304","<{9004}>",0.166666666666667
"1305","<{9037}>",0.107142857142857
"1306","<{9049}>",0.101190476190476
"1307","<{905}>",0.160714285714286
"1308","<{907}>",0.18452380952381
"1309","<{9077}>",0.214285714285714
"1310","<{9079}>",0.119047619047619
"1311","<{909}>",0.202380952380952
"1312","<{9096}>",0.101190476190476
"1313","<{9147}>",0.178571428571429
"1314","<{915}>",0.113095238095238
"1315","<{9177}>",0.125
"1316","<{9180}>",0.351190476190476
"1317","<{9202}>",0.107142857142857
"1318","<{9207}>",0.113095238095238
"1319","<{92584}>",0.119047619047619
"1320","<{9264}>",0.160714285714286
"1321","<{9284}>",0.142857142857143
"1322","<{9289}>",0.327380952380952
"1323","<{934}>",0.297619047619048
"1324","<{9348}>",0.107142857142857
"1325","<{9386}>",0.232142857142857
"1326","<{9388}>",0.119047619047619
"1327","<{939}>",0.267857142857143
"1328","<{9401}>",0.18452380952381
"1329","<{9405}>",0.19047619047619
"1330","<{9421}>",0.154761904761905
"1331","<{9427}>",0.202380952380952
"1332","<{9453}>",0.208333333333333
"1333","<{9455}>",0.101190476190476
"1334","<{9464}>",0.130952380952381
"1335","<{947}>",0.422619047619048
"1336","<{9476}>",0.130952380952381
"1337","<{9531}>",0.220238095238095
"1338","<{959}>",0.160714285714286
"1339","<{9593}>",0.154761904761905
"1340","<{9637}>",0.19047619047619
"1341","<{9652}>",0.154761904761905
"1342","<{9655}>",0.220238095238095
"1343","<{968}>",0.261904761904762
"1344","<{9681}>",0.136904761904762
"1345","<{9685}>",0.125
"1346","<{9689}>",0.107142857142857
"1347","<{9695}>",0.101190476190476
"1348","<{9700}>",0.113095238095238
"1349","<{9710}>",0.25
"1350","<{973}>",0.273809523809524
"1351","<{974}>",0.232142857142857
"1352","<{9753}>",0.166666666666667
"1353","<{97544}>",0.101190476190476
"1354","<{9757}>",0.18452380952381
"1355","<{976}>",0.130952380952381
"1356","<{9769}>",0.113095238095238
"1357","<{9788}>",0.142857142857143
"1358","<{98}>",0.363095238095238
"1359","<{9812}>",0.208333333333333
"1360","<{982}>",0.178571428571429
"1361","<{9833}>",0.142857142857143
"1362","<{9834}>",0.107142857142857
"1363","<{9835}>",0.166666666666667
"1364","<{99}>",0.101190476190476
"1365","<{9911}>",0.119047619047619
"1366","<{9913}>",0.107142857142857
"1367","<{9915}>",0.142857142857143
"1368","<{9935}>",0.136904761904762
"1369","<{9942}>",0.113095238095238
"1370","<{9963}>",0.136904761904762
"1371","<{9973}>",0.255952380952381
"1372","<{9976}>",0.142857142857143
"1373","<{9984}>",0.160714285714286
"1374","<{9992}>",0.267857142857143
"1375","<{225},{98}>",0.101190476190476
"1376","<{225,98}>",0.130952380952381
"1377","<{98},{98}>",0.113095238095238
"1378","<{74,947}>",0.101190476190476
"1379","<{194},{74}>",0.101190476190476
"1380","<{2972,74}>",0.101190476190476
"1381","<{3030,74}>",0.113095238095238
"1382","<{3119},{74}>",0.136904761904762
"1383","<{3119,74}>",0.142857142857143
"1384","<{3968},{74}>",0.101190476190476
"1385","<{4349},{74}>",0.160714285714286
"1386","<{4349,74}>",0.154761904761905
"1387","<{585,74}>",0.113095238095238
"1388","<{7113},{74}>",0.113095238095238
"1389","<{7113,74}>",0.113095238095238
"1390","<{74},{74}>",0.226190476190476
"1391","<{74},{74},{74}>",0.113095238095238
"1392","<{3119,724}>",0.107142857142857
"1393","<{7113},{7113}>",0.107142857142857
"1394","<{74},{7113}>",0.101190476190476
"1395","<{3853,5937}>",0.178571428571429
"1396","<{570,585}>",0.196428571428571
"1397","<{74},{585}>",0.113095238095238
"1398","<{74},{5055}>",0.101190476190476
"1399","<{3119},{4349}>",0.101190476190476
"1400","<{4349},{4349}>",0.125
"1401","<{74},{4349}>",0.107142857142857
"1402","<{2058,4144}>",0.107142857142857
"1403","<{3850,3854}>",0.113095238095238
"1404","<{3853,3854}>",0.142857142857143
"1405","<{3850,3853,3854}>",0.113095238095238
"1406","<{3119,3853}>",0.101190476190476
"1407","<{3850,3853}>",0.113095238095238
"1408","<{3853},{3853}>",0.119047619047619
"1409","<{3474,1084}>",0.125
"1410","<{3205},{3205}>",0.107142857142857
"1411","<{74},{3205}>",0.113095238095238
"1412","<{3121,1084}>",0.130952380952381
"1413","<{1084},{3119}>",0.113095238095238
"1414","<{3119,1084}>",0.107142857142857
"1415","<{3119},{3119}>",0.208333333333333
"1416","<{3853},{3119}>",0.113095238095238
"1417","<{74},{3119}>",0.130952380952381
"1418","<{3119},{3119},{3119}>",0.119047619047619
"1419","<{3047},{3047}>",0.107142857142857
"1420","<{2606},{2606}>",0.119047619047619
"1421","<{225},{225}>",0.107142857142857
"1422","<{2236},{2236}>",0.107142857142857
"1423","<{1813},{1813}>",0.148809523809524
"1424","<{1148},{1148}>",0.136904761904762
"1425","<{74},{1148}>",0.130952380952381
"1426","<{1084},{1084}>",0.202380952380952
"1427","<{3119},{1084}>",0.119047619047619
