DATE,VALUE
2000-01-03,2.01550
2000-01-04,-1.36778
2000-01-05,2.00308
2000-01-06,-0.75529
2000-01-07,-0.76104
2000-01-10,0.76687
2000-01-11,1.52207
2000-01-12,0.74963
2000-01-13,-1.33929
2000-01-14,0.90498
2000-01-17,.
2000-01-18,.
2000-01-19,-0.29630
2000-01-20,0.89153
2000-01-21,0.00000
2000-01-24,-1.47275
2000-01-25,0.14948
2000-01-26,-0.14925
2000-01-27,-0.14948
2000-01-28,-0.29940
2000-01-31,0.30030
2000-02-01,-0.89820
2000-02-02,-0.30211
2000-02-03,-1.66667
2000-02-04,0.61633
2000-02-07,1.68453
2000-02-08,-0.75301
2000-02-09,-0.45524
2000-02-10,1.67683
2000-02-11,-0.59970
2000-02-14,-1.05581
2000-02-15,0.00000
2000-02-16,0.00000
2000-02-17,0.30488
2000-02-18,-1.36778
2000-02-21,.
2000-02-22,.
2000-02-23,1.25786
2000-02-24,-1.24224
2000-02-25,0.00000
2000-02-28,0.15723
2000-02-29,0.78493
2000-03-01,-0.46729
2000-03-02,0.15649
2000-03-03,-0.15625
2000-03-06,0.46948
2000-03-07,-0.46729
2000-03-08,-0.15649
2000-03-09,-0.47022
2000-03-10,0.62992
2000-03-13,-0.46948
2000-03-14,-0.78616
2000-03-15,-0.31696
2000-03-16,-0.47695
2000-03-17,-0.95847
2000-03-20,-0.32258
2000-03-21,-0.80906
2000-03-22,0.00000
2000-03-23,-0.81566
2000-03-24,1.97368
2000-03-27,0.16129
2000-03-28,-0.64412
2000-03-29,0.16207
2000-03-30,-1.94175
2000-03-31,-0.49505
2000-04-03,-0.49751
2000-04-04,-1.66667
2000-04-05,0.00000
2000-04-06,0.50847
2000-04-07,-1.18044
2000-04-10,-1.02389
2000-04-11,1.55172
2000-04-12,1.35823
2000-04-13,-0.50251
2000-04-14,-1.51515
2000-04-17,2.73504
2000-04-18,0.66556
2000-04-19,-0.99174
2000-04-20,0.00000
2000-04-21,.
2000-04-24,.
2000-04-25,2.33333
2000-04-26,0.00000
2000-04-27,1.46580
2000-04-28,0.00000
2000-05-01,0.96308
2000-05-02,0.47695
2000-05-03,1.26582
2000-05-04,0.93750
2000-05-05,0.77399
2000-05-08,0.92166
2000-05-09,-0.60883
2000-05-10,-0.91884
2000-05-11,-0.61824
2000-05-12,1.24417
2000-05-15,-0.61444
2000-05-16,-0.61824
2000-05-17,0.77760
2000-05-18,1.23457
2000-05-19,-0.76220
2000-05-22,-1.07527
2000-05-23,0.15528
2000-05-24,0.31008
2000-05-25,-1.23648
2000-05-26,-0.93897
2000-05-29,.
2000-05-30,.
2000-05-31,-1.41066
2000-06-01,-1.43084
2000-06-02,-0.80645
2000-06-05,-0.48780
2000-06-06,0.32680
2000-06-07,-0.16287
2000-06-08,0.00000
2000-06-09,0.00000
2000-06-12,-0.65253
2000-06-13,0.32841
2000-06-14,-0.81833
2000-06-15,-0.16502
2000-06-16,-0.99174
2000-06-19,0.16694
2000-06-20,0.50000
2000-06-21,1.32670
2000-06-22,0.16367
2000-06-23,1.14379
2000-06-26,-1.29241
2000-06-27,-0.16367
2000-06-28,0.16393
2000-06-29,-1.14566
2000-06-30,-0.16556
2000-07-03,-0.49751
2000-07-04,.
2000-07-05,.
2000-07-06,1.00167
2000-07-07,-0.66116
2000-07-10,0.49917
2000-07-11,0.33113
2000-07-12,0.49505
2000-07-13,-1.31363
2000-07-14,1.49750
2000-07-17,1.14754
2000-07-18,-0.16207
2000-07-19,0.00000
2000-07-20,-2.43506
2000-07-21,0.00000
2000-07-24,0.49917
2000-07-25,0.00000
2000-07-26,0.00000
2000-07-27,-0.33113
2000-07-28,0.33223
2000-07-31,0.00000
2000-08-01,-0.66225
2000-08-02,-0.33333
2000-08-03,-0.50167
2000-08-04,-0.67227
2000-08-07,1.01523
2000-08-08,-0.67002
2000-08-09,-2.02361
2000-08-10,-0.86059
2000-08-11,0.52083
2000-08-14,-0.17271
2000-08-15,0.51903
2000-08-16,0.34423
2000-08-17,-0.34305
2000-08-18,-0.51635
2000-08-21,0.17301
2000-08-22,-0.17271
2000-08-23,-0.86505
2000-08-24,0.00000
2000-08-25,0.00000
2000-08-28,0.87260
2000-08-29,0.51903
2000-08-30,0.00000
2000-08-31,-1.37694
2000-09-01,-0.87260
2000-09-04,.
2000-09-05,.
2000-09-06,0.52724
2000-09-07,0.69930
2000-09-08,-0.52083
2000-09-11,0.69808
2000-09-12,0.17331
2000-09-13,-0.69204
2000-09-14,0.87108
2000-09-15,0.86356
2000-09-18,0.68493
2000-09-19,-0.34014
2000-09-20,0.85324
2000-09-21,-0.50761
2000-09-22,-0.51020
2000-09-25,-0.17094
2000-09-26,-0.51370
2000-09-27,0.34423
2000-09-28,-0.17153
2000-09-29,-0.34364
2000-10-02,0.51724
2000-10-03,0.68611
2000-10-04,0.51107
2000-10-05,-0.50847
2000-10-06,-0.85179
2000-10-09,.
2000-10-10,.
2000-10-11,-0.51724
2000-10-12,-0.69324
2000-10-13,0.00000
2000-10-16,0.17452
2000-10-17,-1.04530
2000-10-18,-0.35211
2000-10-19,0.00000
2000-10-20,-0.35336
2000-10-23,-0.88652
2000-10-24,0.71556
2000-10-25,0.71048
2000-10-26,0.35273
2000-10-27,0.52724
2000-10-30,0.34965
2000-10-31,0.52265
2000-11-01,-0.51993
2000-11-02,0.00000
2000-11-03,1.56794
2000-11-06,0.68611
2000-11-07,0.00000
2000-11-08,0.00000
2000-11-09,-0.85179
2000-11-10,0.00000
2000-11-13,-0.85911
2000-11-14,-0.17331
2000-11-15,-0.69444
2000-11-16,-0.69930
2000-11-17,0.52817
2000-11-20,-0.52539
2000-11-21,-0.17606
2000-11-22,-0.88183
2000-11-23,.
2000-11-24,.
2000-11-27,0.17762
2000-11-28,-0.88652
2000-11-29,-0.71556
2000-11-30,-1.26126
2000-12-01,0.72993
2000-12-04,0.18116
2000-12-05,-1.80832
2000-12-06,-2.02578
2000-12-07,0.00000
2000-12-08,0.56391
2000-12-11,0.37383
2000-12-12,-0.18622
2000-12-13,-1.30597
2000-12-14,-1.13422
2000-12-15,-0.57361
2000-12-18,-0.57692
2000-12-19,0.38685
2000-12-20,-2.11946
2000-12-21,-0.98425
2000-12-22,-0.19881
2000-12-25,.
2000-12-26,.
2000-12-27,1.38889
2000-12-28,0.39139
2000-12-29,-0.19493
2001-01-01,.
2001-01-02,.
2001-01-03,4.47154
2001-01-04,-2.14008
2001-01-05,-1.98807
2001-01-08,0.20284
2001-01-09,0.80972
2001-01-10,2.40964
2001-01-11,0.78431
2001-01-12,2.14008
2001-01-15,.
2001-01-16,.
2001-01-17,-0.95420
2001-01-18,-1.34875
2001-01-19,1.36719
2001-01-22,1.15607
2001-01-23,0.95238
2001-01-24,0.56604
2001-01-25,-0.75047
2001-01-26,0.00000
2001-01-29,0.56711
2001-01-30,-1.50376
2001-01-31,-0.95420
2001-02-01,-1.73410
2001-02-02,1.37255
2001-02-05,0.19342
2001-02-06,0.77220
2001-02-07,-2.29885
2001-02-08,0.00000
2001-02-09,-1.37255
2001-02-12,0.39761
2001-02-13,0.39604
2001-02-14,1.18343
2001-02-15,1.16959
2001-02-16,-1.54143
2001-02-19,.
2001-02-20,.
2001-02-21,0.58708
2001-02-22,0.19455
2001-02-23,-0.97087
2001-02-26,-0.98039
2001-02-27,-1.78218
2001-02-28,-0.80645
2001-03-01,-1.01626
2001-03-02,1.64271
2001-03-05,0.60606
2001-03-06,0.20080
2001-03-07,-1.40281
2001-03-08,-0.60976
2001-03-09,1.22699
2001-03-12,-0.60606
2001-03-13,0.60976
2001-03-14,-2.22222
2001-03-15,-0.61983
2001-03-16,-0.62370
2001-03-19,0.83682
2001-03-20,-0.82988
2001-03-21,-0.20921
2001-03-22,-0.83857
2001-03-23,1.47992
2001-03-26,1.04167
2001-03-27,3.09278
2001-03-28,-0.60000
2001-03-29,0.20121
2001-03-30,-1.00402
2001-04-02,1.01420
2001-04-03,-0.80321
2001-04-04,0.00000
2001-04-05,0.80972
2001-04-06,-1.80723
2001-04-09,0.81800
2001-04-10,3.24544
2001-04-11,0.58939
2001-04-12,0.97656
2001-04-13,.
2001-04-16,.
2001-04-17,-1.32576
2001-04-18,-1.34357
2001-04-19,2.52918
2001-04-20,0.37951
2001-04-23,-1.70132
2001-04-24,0.38462
2001-04-25,1.14943
2001-04-26,-1.51515
2001-04-27,2.69231
2001-04-30,0.18727
2001-05-01,-0.93458
2001-05-02,0.18868
2001-05-03,-1.69492
2001-05-04,-0.19157
2001-05-07,0.00000
2001-05-08,0.57582
2001-05-09,-0.76336
2001-05-10,2.11538
2001-05-11,3.76648
2001-05-14,-0.90744
2001-05-15,0.73260
2001-05-16,-0.36364
2001-05-17,-0.36496
2001-05-18,-0.91575
2001-05-21,0.00000
2001-05-22,0.18484
2001-05-23,-0.18450
2001-05-24,2.03327
2001-05-25,0.00000
2001-05-28,.
2001-05-29,.
2001-05-30,0.00000
2001-05-31,-1.98556
2001-06-01,-0.73665
2001-06-04,-0.74212
2001-06-05,-1.12150
2001-06-06,-0.37807
2001-06-07,1.13852
2001-06-08,0.93809
2001-06-11,-1.11524
2001-06-12,-0.93985
2001-06-13,0.18975
2001-06-14,-0.37879
2001-06-15,0.19011
2001-06-18,0.00000
2001-06-19,-0.18975
2001-06-20,-0.38023
2001-06-21,-0.38168
2001-06-22,-1.53257
2001-06-25,0.38911
2001-06-26,1.55039
2001-06-27,0.38168
2001-06-28,1.71103
2001-06-29,1.30841
2001-07-02,-0.92251
2001-07-03,0.74488
2001-07-04,.
2001-07-05,.
2001-07-06,-0.55147
2001-07-09,-0.73937
2001-07-10,-0.93110
2001-07-11,-0.18797
2001-07-12,-0.75330
2001-07-13,0.00000
2001-07-16,-1.13852
2001-07-17,0.19194
2001-07-18,-1.91571
2001-07-19,0.19531
2001-07-20,0.38986
2001-07-23,-0.38835
2001-07-24,0.00000
2001-07-25,1.36452
2001-07-26,-0.19231
2001-07-27,-1.15607
2001-07-30,-0.38986
2001-07-31,-0.78278
2001-08-01,0.78895
2001-08-02,1.17417
2001-08-03,0.58027
2001-08-06,-0.19231
2001-08-07,0.19268
2001-08-08,-4.03846
2001-08-09,1.00200
2001-08-10,-0.99206
2001-08-13,-0.40080
2001-08-14,0.00000
2001-08-15,0.60362
2001-08-16,-1.00000
2001-08-17,-2.22222
2001-08-20,1.44628
2001-08-21,-0.81466
2001-08-22,0.82136
2001-08-23,-0.40733
2001-08-24,0.81800
2001-08-27,0.20284
2001-08-28,-1.82186
2001-08-29,-1.44330
2001-08-30,0.20921
2001-08-31,1.25261
2001-09-03,.
2001-09-04,.
2001-09-05,-0.40080
2001-09-06,-2.21328
2001-09-07,-1.23457
2001-09-10,0.83333
2001-09-11,.
2001-09-12,.
2001-09-13,.
2001-09-14,-1.50862
2001-09-17,1.31291
2001-09-18,1.94384
2001-09-19,-0.63559
2001-09-20,1.27932
2001-09-21,-1.05263
2001-09-24,0.63830
2001-09-25,-0.21142
2001-09-26,-1.48305
2001-09-27,-1.50538
2001-09-28,0.43668
2001-10-01,-1.08696
2001-10-02,-0.43956
2001-10-03,-0.66225
2001-10-04,0.66667
2001-10-05,-0.22075
2001-10-08,.
2001-10-09,.
2001-10-10,-0.21645
2001-10-11,1.73536
2001-10-12,-0.21322
2001-10-15,-1.28205
2001-10-16,-0.64935
2001-10-17,0.00000
2001-10-18,-0.21786
2001-10-19,1.09170
2001-10-22,0.00000
2001-10-23,0.64795
2001-10-24,-1.07296
2001-10-25,-1.08460
2001-10-26,-0.65789
2001-10-29,-0.66225
2001-10-30,-1.33333
2001-10-31,-3.15315
2001-11-01,-1.39535
2001-11-02,3.06604
2001-11-05,-1.37300
2001-11-06,-0.23202
2001-11-07,-1.86047
2001-11-08,2.36967
2001-11-09,0.46296
2001-11-12,.
2001-11-13,.
2001-11-14,2.94785
2001-11-15,5.50661
2001-11-16,2.50522
2001-11-19,-2.24033
2001-11-20,1.66667
2001-11-21,2.04918
2001-11-22,.
2001-11-23,.
2001-11-26,0.19841
2001-11-27,-1.38614
2001-11-28,0.00000
2001-11-29,-3.81526
2001-11-30,-0.20877
2001-12-03,-0.62762
2001-12-04,-1.05263
2001-12-05,4.68085
2001-12-06,2.43902
2001-12-07,3.17460
2001-12-10,-0.57692
2001-12-11,-0.77369
2001-12-12,-2.14425
2001-12-13,2.19124
2001-12-14,2.14425
2001-12-17,0.38168
2001-12-18,-1.90114
2001-12-19,-1.55039
2001-12-20,0.00000
2001-12-21,0.78740
2001-12-24,1.17188
2001-12-25,.
2001-12-26,.
2001-12-27,-1.72414
2001-12-28,0.38986
2001-12-31,-1.55340
2002-01-01,.
2002-01-02,.
2002-01-03,-0.76923
2002-01-04,0.38760
2002-01-07,-1.73745
2002-01-08,0.19646
2002-01-09,0.00000
2002-01-10,-1.96078
2002-01-11,-1.60000
2002-01-14,-0.20325
2002-01-15,-0.61100
2002-01-16,0.00000
2002-01-17,2.04918
2002-01-18,-0.80321
2002-01-21,.
2002-01-22,.
2002-01-23,1.81452
2002-01-24,0.39604
2002-01-25,0.59172
2002-01-28,0.39216
2002-01-29,-1.95313
2002-01-30,0.00000
2002-01-31,0.99602
2002-02-01,-0.98619
2002-02-04,-1.59363
2002-02-05,-0.40486
2002-02-06,0.00000
2002-02-07,0.20325
2002-02-08,-0.60852
2002-02-11,0.20408
2002-02-12,1.22200
2002-02-13,0.80483
2002-02-14,-1.19760
2002-02-15,-1.81818
2002-02-18,.
2002-02-19,.
2002-02-20,0.00000
2002-02-21,0.00000
2002-02-22,-0.81967
2002-02-25,0.41322
2002-02-26,1.44033
2002-02-27,-1.82556
2002-02-28,0.82645
2002-03-01,2.04918
2002-03-04,0.80321
2002-03-05,0.00000
2002-03-06,0.79681
2002-03-07,3.16206
2002-03-08,2.10728
2002-03-11,0.00000
2002-03-12,-0.18762
2002-03-13,-0.75188
2002-03-14,2.27273
2002-03-15,-0.92593
2002-03-18,-0.56075
2002-03-19,0.18797
2002-03-20,1.31332
2002-03-21,-0.18519
2002-03-22,0.18553
2002-03-25,0.18519
2002-03-26,-1.10906
2002-03-27,0.00000
2002-03-28,1.30841
2002-03-29,.
2002-04-01,.
2002-04-02,-1.47059
2002-04-03,-1.11940
2002-04-04,-0.37736
2002-04-05,-1.13636
2002-04-08,0.57471
2002-04-09,-0.57143
2002-04-10,0.38314
2002-04-11,-0.38168
2002-04-12,-0.76628
2002-04-15,-0.57915
2002-04-16,0.97087
2002-04-17,0.76923
2002-04-18,-0.19084
2002-04-19,-0.38241
2002-04-22,-0.38388
2002-04-23,-0.19268
2002-04-24,-1.35135
2002-04-25,-0.19569
2002-04-26,-0.39216
2002-04-29,0.98425
2002-04-30,-0.38986
2002-05-01,-0.58708
2002-05-02,0.98425
2002-05-03,-0.97466
2002-05-06,0.39370
2002-05-07,-0.19608
2002-05-08,2.94695
2002-05-09,-0.76336
2002-05-10,-0.96154
2002-05-13,1.55340
2002-05-14,1.72084
2002-05-15,-0.75188
2002-05-16,-1.51515
2002-05-17,1.34615
2002-05-20,-1.13852
2002-05-21,-0.57582
2002-05-22,-0.96525
2002-05-23,0.58480
2002-05-24,0.00000
2002-05-27,.
2002-05-28,.
2002-05-29,-0.96899
2002-05-30,-0.97847
2002-05-31,0.39526
2002-06-03,-0.39370
2002-06-04,-0.39526
2002-06-05,0.79365
2002-06-06,-0.78740
2002-06-07,1.19048
2002-06-10,-0.58824
2002-06-11,-0.98619
2002-06-12,-0.79681
2002-06-13,-0.80321
2002-06-14,-2.22672
2002-06-17,1.24224
2002-06-18,-0.20450
2002-06-19,-2.45902
2002-06-20,1.89076
2002-06-21,-1.23711
2002-06-24,1.67015
2002-06-25,0.20534
2002-06-26,-2.66393
2002-06-27,1.89474
2002-06-28,0.41322
2002-07-01,-0.20576
2002-07-02,-1.64948
2002-07-03,0.20964
2002-07-04,.
2002-07-05,.
2002-07-08,-1.22449
2002-07-09,-1.23967
2002-07-10,-2.51046
2002-07-11,0.00000
2002-07-12,-0.64378
2002-07-15,0.64795
2002-07-16,1.93133
2002-07-17,-0.84211
2002-07-18,-1.06157
2002-07-19,-1.07296
2002-07-22,-2.16920
2002-07-23,-0.88692
2002-07-24,0.44743
2002-07-25,-1.33630
2002-07-26,0.00000
2002-07-29,4.28894
2002-07-30,0.64935
2002-07-31,-3.01075
2002-08-01,-0.88692
2002-08-02,-3.13199
2002-08-05,-0.92379
2002-08-06,3.03030
2002-08-07,-1.58371
2002-08-08,1.14943
2002-08-09,-2.95455
2002-08-12,-1.17096
2002-08-13,-2.36967
2002-08-14,-1.45631
2002-08-15,2.70936
2002-08-16,3.59712
2002-08-19,-0.69444
2002-08-20,-2.79720
2002-08-21,0.71942
2002-08-22,2.38095
2002-08-23,-1.16279
2002-08-26,-0.70588
2002-08-27,1.65877
2002-08-28,-1.63170
2002-08-29,-1.42180
2002-08-30,-0.48077
2002-09-02,.
2002-09-03,.
2002-09-04,-0.50251
2002-09-05,-1.26263
2002-09-06,3.58056
2002-09-09,0.00000
2002-09-10,-1.23457
2002-09-11,1.75000
2002-09-12,-2.21130
2002-09-13,-1.50754
2002-09-16,-0.51020
2002-09-17,-0.76923
2002-09-18,-0.25840
2002-09-19,-1.81347
2002-09-20,0.00000
2002-09-23,-2.37467
2002-09-24,-0.27027
2002-09-25,2.16802
2002-09-26,0.53050
2002-09-27,-2.63852
2002-09-30,-1.62602
2002-10-01,2.47934
2002-10-02,-0.26882
2002-10-03,-0.26954
2002-10-04,-0.27027
2002-10-07,-1.35501
2002-10-08,0.27473
2002-10-09,-1.09589
2002-10-10,1.93906
2002-10-11,4.07609
2002-10-14,.
2002-10-15,.
2002-10-16,-0.24570
2002-10-17,2.46305
2002-10-18,-0.48077
2002-10-21,2.41546
2002-10-22,0.70755
2002-10-23,-0.23419
2002-10-24,-2.34742
2002-10-25,-0.96154
2002-10-28,-0.48544
2002-10-29,-3.17073
2002-10-30,0.50378
2002-10-31,-1.50376
2002-11-01,2.03562
2002-11-04,1.49626
2002-11-05,0.73710
2002-11-06,-0.24390
2002-11-07,-5.13447
2002-11-08,-0.77320
2002-11-11,.
2002-11-12,.
2002-11-13,0.00000
2002-11-14,4.94792
2002-11-15,0.49628
2002-11-18,-0.74074
2002-11-19,-0.74627
2002-11-20,2.25564
2002-11-21,1.47059
2002-11-22,0.96618
2002-11-25,0.23923
2002-11-26,-2.62530
2002-11-27,4.41176
2002-11-28,.
2002-11-29,.
2002-12-02,0.00000
2002-12-03,0.47393
2002-12-04,-1.41509
2002-12-05,-1.19617
2002-12-06,-0.96852
2002-12-09,-0.73350
2002-12-10,0.00000
2002-12-11,-1.23153
2002-12-12,0.00000
2002-12-13,1.49626
2002-12-16,1.96560
2002-12-17,-0.48193
2002-12-18,-1.69492
2002-12-19,-2.46305
2002-12-20,0.25253
2002-12-23,0.25189
2002-12-24,-0.75377
2002-12-25,.
2002-12-26,.
2002-12-27,-2.54453
2002-12-30,-0.26110
2002-12-31,0.26178
2003-01-01,.
2003-01-02,.
2003-01-03,-0.49140
2003-01-06,0.98765
2003-01-07,-1.22249
2003-01-08,-0.99010
2003-01-09,4.75000
2003-01-10,-0.71599
2003-01-13,-0.24038
2003-01-14,-1.20482
2003-01-15,0.00000
2003-01-16,0.00000
2003-01-17,-1.21951
2003-01-20,.
2003-01-21,.
2003-01-22,-1.49626
2003-01-23,0.75949
2003-01-24,-1.00503
2003-01-27,1.01523
2003-01-28,0.50251
2003-01-29,1.50000
2003-01-30,-1.47783
2003-01-31,0.00000
2003-02-03,0.25000
2003-02-04,-1.24688
2003-02-05,1.51515
2003-02-06,-1.24378
2003-02-07,-0.25189
2003-02-10,0.75758
2003-02-11,-0.25063
2003-02-12,-1.25628
2003-02-13,-1.01781
2003-02-14,1.54242
2003-02-17,.
2003-02-18,.
2003-02-19,-1.52284
2003-02-20,-0.77320
2003-02-21,1.29870
2003-02-24,-1.02564
2003-02-25,-1.29534
2003-02-26,-0.78740
2003-02-27,-0.52910
2003-02-28,-1.32979
2003-03-03,-0.80863
2003-03-04,-0.81522
2003-03-05,-0.54795
2003-03-06,1.10193
2003-03-07,-1.08992
2003-03-10,-1.10193
2003-03-11,0.27855
2003-03-12,0.00000
2003-03-13,3.88889
2003-03-14,-0.53476
2003-03-17,2.68817
2003-03-18,2.35602
2003-03-19,1.79028
2003-03-20,0.75377
2003-03-21,2.49377
2003-03-24,-3.16302
2003-03-25,-0.25126
2003-03-26,-0.25189
2003-03-27,-0.25253
2003-03-28,-0.75949
2003-03-31,-2.29592
2003-04-01,0.26110
2003-04-02,2.60417
2003-04-03,-0.25381
2003-04-04,0.76336
2003-04-07,1.76768
2003-04-08,-1.98511
2003-04-09,-0.50633
2003-04-10,0.50891
2003-04-11,1.26582
2003-04-14,1.00000
2003-04-15,-1.48515
2003-04-16,-0.50251
2003-04-17,0.50505
2003-04-18,.
2003-04-21,.
2003-04-22,0.25000
2003-04-23,0.24938
2003-04-24,-2.23881
2003-04-25,-0.50891
2003-04-28,0.25575
2003-04-29,1.02041
2003-04-30,-1.76768
2003-05-01,-0.25707
2003-05-02,1.54639
2003-05-05,-0.50761
2003-05-06,-2.04082
2003-05-07,-3.12500
2003-05-08,-0.53763
2003-05-09,-0.27027
2003-05-12,-1.35501
2003-05-13,-0.27473
2003-05-14,-2.75482
2003-05-15,0.00000
2003-05-16,-1.98300
2003-05-19,0.00000
2003-05-20,-2.31214
2003-05-21,0.29586
2003-05-22,-1.47493
2003-05-23,0.00000
2003-05-26,.
2003-05-27,.
2003-05-28,0.87977
2003-05-29,-2.90698
2003-05-30,0.89820
2003-06-02,1.78042
2003-06-03,-2.62391
2003-06-04,-1.19760
2003-06-05,1.21212
2003-06-06,0.89820
2003-06-09,-2.37389
2003-06-10,-2.73556
2003-06-11,0.31250
2003-06-12,-0.93458
2003-06-13,-1.57233
2003-06-16,1.59744
2003-06-17,2.83019
2003-06-18,3.05810
2003-06-19,-0.59347
2003-06-20,1.49254
2003-06-23,-2.35294
2003-06-24,-0.90361
2003-06-25,2.73556
2003-06-26,5.02959
2003-06-27,0.84507
2003-06-30,-1.11732
2003-07-01,0.56497
2003-07-02,0.00000
2003-07-03,3.08989
2003-07-04,.
2003-07-07,.
2003-07-08,0.26738
2003-07-09,-0.53333
2003-07-10,-0.80429
2003-07-11,-1.08108
2003-07-14,2.18579
2003-07-15,5.34759
2003-07-16,0.76142
2003-07-17,0.25189
2003-07-18,0.50251
2003-07-21,4.75000
2003-07-22,-0.47733
2003-07-23,-1.19904
2003-07-24,1.94175
2003-07-25,0.47619
2003-07-28,2.13270
2003-07-29,2.55220
2003-07-30,-1.80995
2003-07-31,3.45622
2003-08-01,-1.11359
2003-08-04,-2.02703
2003-08-05,2.75862
2003-08-06,-3.35570
2003-08-07,-0.46296
2003-08-08,-0.69767
2003-08-11,2.57611
2003-08-12,-0.22831
2003-08-13,4.80549
2003-08-14,-0.65502
2003-08-15,0.00000
2003-08-18,-1.31868
2003-08-19,-2.44989
2003-08-20,1.59817
2003-08-21,1.79775
2003-08-22,-1.10375
2003-08-25,1.11607
2003-08-26,-0.66225
2003-08-27,0.88889
2003-08-28,-2.64317
2003-08-29,0.67873
2003-09-01,.
2003-09-02,.
2003-09-03,-0.21692
2003-09-04,-1.73913
2003-09-05,-3.76106
2003-09-08,1.37931
2003-09-09,-0.90703
2003-09-10,-2.05950
2003-09-11,1.63551
2003-09-12,-1.83908
2003-09-15,0.23419
2003-09-16,0.23364
2003-09-17,-2.09790
2003-09-18,-0.23810
2003-09-19,-0.47733
2003-09-22,2.15827
2003-09-23,-0.46948
2003-09-24,-1.88679
2003-09-25,-0.96154
2003-09-26,-1.94175
2003-09-29,1.23762
2003-09-30,-3.17848
2003-10-01,0.00000
2003-10-02,1.76768
2003-10-03,4.46650
2003-10-06,-0.95012
2003-10-07,2.39808
2003-10-08,0.00000
2003-10-09,1.17096
2003-10-10,-0.69444
2003-10-13,.
2003-10-14,.
2003-10-15,1.37300
2003-10-16,0.90293
2003-10-17,-1.34228
2003-10-20,0.00000
2003-10-21,-0.68027
2003-10-22,-2.05479
2003-10-23,1.16550
2003-10-24,-2.30415
2003-10-27,1.41509
2003-10-28,-1.62791
2003-10-29,1.89125
2003-10-30,1.16009
2003-10-31,-0.68807
2003-11-03,1.61663
2003-11-04,-1.59091
2003-11-05,1.15473
2003-11-06,1.59817
2003-11-07,0.67416
2003-11-10,0.22321
2003-11-11,.
2003-11-12,.
2003-11-13,-3.15315
2003-11-14,-1.86047
2003-11-17,-0.94787
2003-11-18,-0.23923
2003-11-19,1.67866
2003-11-20,-1.88679
2003-11-21,-0.24038
2003-11-24,1.92771
2003-11-25,-0.94563
2003-11-26,1.43198
2003-11-27,.
2003-11-28,.
2003-12-01,1.38249
2003-12-02,-0.45455
2003-12-03,0.68493
2003-12-04,-0.68027
2003-12-05,-3.42466
2003-12-08,1.41844
2003-12-09,0.69930
2003-12-10,-0.46296
2003-12-11,-0.69767
2003-12-12,-0.23419
2003-12-15,0.46948
2003-12-16,-0.93458
2003-12-17,-1.17925
2003-12-18,-0.71599
2003-12-19,-0.24038
2003-12-22,0.72289
2003-12-23,2.39234
2003-12-24,-1.86916
2003-12-25,.
2003-12-26,.
2003-12-29,1.67866
2003-12-30,1.17925
2003-12-31,-0.46620
2004-01-01,.
2004-01-02,.
2004-01-05,0.68493
2004-01-06,-2.72109
2004-01-07,-0.46620
2004-01-08,0.00000
2004-01-09,-3.74707
2004-01-12,0.00000
2004-01-13,-1.45985
2004-01-14,-0.98765
2004-01-15,-0.49875
2004-01-16,1.25313
2004-01-19,.
2004-01-20,.
2004-01-21,-0.73529
2004-01-22,-1.48148
2004-01-23,2.50627
2004-01-26,1.71149
2004-01-27,-1.20192
2004-01-28,2.67640
2004-01-29,0.00000
2004-01-30,-1.42180
2004-02-02,0.48077
2004-02-03,-1.19617
2004-02-04,0.48426
2004-02-05,1.20482
2004-02-06,-1.90476
2004-02-09,-0.72816
2004-02-10,0.97800
2004-02-11,-1.93705
2004-02-12,1.23457
2004-02-13,-1.21951
2004-02-16,.
2004-02-17,.
2004-02-18,0.00000
2004-02-19,0.00000
2004-02-20,1.23457
2004-02-23,-1.21951
2004-02-24,-0.24691
2004-02-25,-0.49505
2004-02-26,0.74627
2004-02-27,-1.48148
2004-03-01,0.25063
2004-03-02,1.25000
2004-03-03,0.49383
2004-03-04,-0.73710
2004-03-05,-4.70297
2004-03-08,-1.81818
2004-03-09,-1.32275
2004-03-10,0.26810
2004-03-11,0.00000
2004-03-12,1.06952
2004-03-15,0.00000
2004-03-16,-2.11640
2004-03-17,0.27027
2004-03-18,1.34771
2004-03-19,1.06383
2004-03-22,-1.57895
2004-03-23,-0.26738
2004-03-24,0.00000
2004-03-25,0.53619
2004-03-26,2.66667
2004-03-29,1.55844
2004-03-30,0.00000
2004-03-31,-1.27877
2004-04-01,1.29534
2004-04-02,6.13811
2004-04-05,2.16867
2004-04-06,-1.17925
2004-04-07,0.00000
2004-04-08,0.47733
2004-04-09,.
2004-04-12,.
2004-04-13,2.35294
2004-04-14,1.14943
2004-04-15,0.45455
2004-04-16,-1.13122
2004-04-19,0.45767
2004-04-20,0.91116
2004-04-21,0.45147
2004-04-22,-1.12360
2004-04-23,1.81818
2004-04-26,-0.44643
2004-04-27,-0.67265
2004-04-28,1.58014
2004-04-29,1.11111
2004-04-30,-0.43956
2004-05-03,0.00000
2004-05-04,0.66225
2004-05-05,1.09649
2004-05-06,0.43384
2004-05-07,3.45572
2004-05-10,0.41754
2004-05-11,-0.41580
2004-05-12,0.83507
2004-05-13,0.41408
2004-05-14,-1.23711
2004-05-17,-1.87891
2004-05-18,0.85106
2004-05-19,1.05485
2004-05-20,-1.46138
2004-05-21,0.84746
2004-05-24,-0.21008
2004-05-25,-0.42105
2004-05-26,-1.26850
2004-05-27,-1.49893
2004-05-28,1.30435
2004-05-31,.
2004-06-01,.
2004-06-02,0.63694
2004-06-03,-0.63291
2004-06-04,1.48620
2004-06-07,0.00000
2004-06-08,0.00000
2004-06-09,0.83682
2004-06-10,-0.20747
2004-06-11,.
2004-06-14,.
2004-06-15,-4.08998
2004-06-16,1.06610
2004-06-17,-0.63291
2004-06-18,0.21231
2004-06-21,-0.42373
2004-06-22,0.42553
2004-06-23,-0.21186
2004-06-24,-1.06157
2004-06-25,0.00000
2004-06-28,2.14592
2004-06-29,-1.26050
2004-06-30,-1.70213
2004-07-01,-1.08225
2004-07-02,-1.96937
2004-07-05,.
2004-07-06,.
2004-07-07,0.22272
2004-07-08,-0.22222
2004-07-09,0.00000
2004-07-12,-0.66815
2004-07-13,0.89686
2004-07-14,0.00000
2004-07-15,0.00000
2004-07-16,-2.66667
2004-07-19,0.00000
2004-07-20,2.05479
2004-07-21,0.67114
2004-07-22,-0.44444
2004-07-23,-0.66964
2004-07-26,0.89888
2004-07-27,2.89532
2004-07-28,-0.21645
2004-07-29,-0.21692
2004-07-30,-2.17391
2004-08-02,-0.44444
2004-08-03,-0.66964
2004-08-04,0.00000
2004-08-05,-0.44944
2004-08-06,-4.28894
2004-08-09,0.94340
2004-08-10,0.93458
2004-08-11,-0.46296
2004-08-12,-0.69767
2004-08-13,-1.17096
2004-08-16,0.94787
2004-08-17,-1.17371
2004-08-18,0.47506
2004-08-19,-0.23641
2004-08-20,0.47393
2004-08-23,0.94340
2004-08-24,0.00000
2004-08-25,-0.46729
2004-08-26,-0.93897
2004-08-27,0.23697
2004-08-30,-0.94563
2004-08-31,-1.43198
2004-09-01,0.00000
2004-09-02,1.69492
2004-09-03,2.38095
2004-09-06,.
2004-09-07,.
2004-09-08,-1.87793
2004-09-09,0.95694
2004-09-10,-0.71090
2004-09-13,-0.71599
2004-09-14,-0.24038
2004-09-15,0.72289
2004-09-16,-2.39234
2004-09-17,1.47059
2004-09-20,-1.69082
2004-09-21,-0.49140
2004-09-22,-1.23457
2004-09-23,0.50000
2004-09-24,0.49751
2004-09-27,-0.74257
2004-09-28,0.24938
2004-09-29,1.99005
2004-09-30,0.97561
2004-10-01,1.69082
2004-10-04,-0.47506
2004-10-05,-0.23866
2004-10-06,1.19617
2004-10-07,0.70922
2004-10-08,-2.58216
2004-10-11,.
2004-10-12,.
2004-10-13,-0.72816
2004-10-14,-1.46699
2004-10-15,0.99256
2004-10-18,0.00000
2004-10-19,0.00000
2004-10-20,-1.47420
2004-10-21,0.00000
2004-10-22,-0.24938
2004-10-25,-0.25000
2004-10-26,0.50125
2004-10-27,2.49377
2004-10-28,-0.48662
2004-10-29,-0.97800
2004-11-01,1.48148
2004-11-02,-0.24331
2004-11-03,-0.24390
2004-11-04,0.24450
2004-11-05,2.68293
2004-11-08,0.23753
2004-11-09,0.00000
2004-11-10,0.71090
2004-11-11,.
2004-11-12,.
2004-11-15,0.00000
2004-11-16,0.23810
2004-11-17,-1.66271
2004-11-18,-0.48309
2004-11-19,1.94175
2004-11-22,-0.47619
2004-11-23,0.23923
2004-11-24,0.23866
2004-11-25,.
2004-11-26,.
2004-11-29,2.35849
2004-11-30,0.46083
2004-12-01,0.45872
2004-12-02,0.45662
2004-12-03,-2.95455
2004-12-06,-0.70258
2004-12-07,-0.23585
2004-12-08,-2.12766
2004-12-09,1.20773
2004-12-10,-0.71599
2004-12-13,0.00000
2004-12-14,-0.48077
2004-12-15,-1.20773
2004-12-16,2.44499
2004-12-17,0.47733
2004-12-20,0.00000
2004-12-21,-0.71259
2004-12-22,0.71770
2004-12-23,0.47506
2004-12-24,.
2004-12-27,.
2004-12-28,0.23256
2004-12-29,0.46404
2004-12-30,-1.38568
2004-12-31,-0.70258
2005-01-03,-0.23585
2005-01-04,1.41844
2005-01-05,0.00000
2005-01-06,0.00000
2005-01-07,0.00000
2005-01-10,0.00000
2005-01-11,-0.69930
2005-01-12,-0.23474
2005-01-13,-1.17647
2005-01-14,0.71429
2005-01-17,.
2005-01-18,.
2005-01-19,-0.23753
2005-01-20,-0.71429
2005-01-21,-0.23981
2005-01-24,-0.48077
2005-01-25,1.44928
2005-01-26,0.23810
2005-01-27,0.23753
2005-01-28,-1.42180
2005-01-31,-0.48077
2005-02-01,0.24155
2005-02-02,0.00000
2005-02-03,0.72289
2005-02-04,-2.15311
2005-02-07,-0.48900
2005-02-08,-0.49140
2005-02-09,-1.23457
2005-02-10,1.75000
2005-02-11,0.73710
2005-02-14,-0.48780
2005-02-15,0.49020
2005-02-16,1.46341
2005-02-17,0.72115
2005-02-18,1.90931
2005-02-21,.
2005-02-22,.
2005-02-23,-0.46620
2005-02-24,0.46838
2005-02-25,-0.46620
2005-02-28,2.10773
2005-03-01,0.45872
2005-03-02,0.00000
2005-03-03,0.22831
2005-03-04,-1.59453
2005-03-07,-0.23148
2005-03-08,1.62413
2005-03-09,3.19635
2005-03-10,-0.88496
2005-03-11,1.78571
2005-03-14,-0.87719
2005-03-15,0.44248
2005-03-16,-0.44053
2005-03-17,-1.10619
2005-03-18,0.89485
2005-03-21,0.44346
2005-03-22,2.20751
2005-03-23,-0.43197
2005-03-24,-0.21692
2005-03-25,.
2005-03-28,.
2005-03-29,-0.86207
2005-03-30,-0.86957
2005-03-31,-1.31579
2005-04-01,-0.88889
2005-04-04,0.22422
2005-04-05,0.22371
2005-04-06,-0.89286
2005-04-07,1.12613
2005-04-08,0.22272
2005-04-11,-1.11111
2005-04-12,-1.57303
2005-04-13,0.00000
2005-04-14,-0.22831
2005-04-15,-2.28833
2005-04-18,0.00000
2005-04-19,-1.40515
2005-04-20,0.23753
2005-04-21,2.36967
2005-04-22,-1.38889
2005-04-25,0.00000
2005-04-26,0.46948
2005-04-27,-0.70093
2005-04-28,-1.41176
2005-04-29,0.47733
2005-05-02,0.00000
2005-05-03,0.00000
2005-05-04,-0.23753
2005-05-05,-0.23810
2005-05-06,2.14797
2005-05-09,0.23364
2005-05-10,-1.39860
2005-05-11,-0.47281
2005-05-12,-0.71259
2005-05-13,-1.43541
2005-05-16,0.24272
2005-05-17,-0.24213
2005-05-18,-1.21359
2005-05-19,0.98280
2005-05-20,0.48662
2005-05-23,-1.45278
2005-05-24,-0.73710
2005-05-25,0.99010
2005-05-26,0.00000
2005-05-27,0.00000
2005-05-30,.
2005-05-31,.
2005-06-01,-2.25000
2005-06-02,-0.51151
2005-06-03,2.31362
2005-06-06,-0.50251
2005-06-07,-1.01010
2005-06-08,0.76531
2005-06-09,0.75949
2005-06-10,1.75879
2005-06-13,0.98765
2005-06-14,0.97800
2005-06-15,-0.24213
2005-06-16,-0.72816
2005-06-17,0.00000
2005-06-20,0.48900
2005-06-21,-1.21655
2005-06-22,-2.70936
2005-06-23,0.25316
2005-06-24,-1.01010
2005-06-27,-0.51020
2005-06-28,1.79487
2005-06-29,0.50378
2005-06-30,-1.25313
2005-07-01,3.04569
2005-07-04,.
2005-07-05,.
2005-07-06,-0.72993
2005-07-07,-0.73529
2005-07-08,1.48148
2005-07-11,0.00000
2005-07-12,0.97324
2005-07-13,0.48193
2005-07-14,0.47962
2005-07-15,-0.23866
2005-07-18,0.95694
2005-07-19,-0.47393
2005-07-20,-0.71429
2005-07-21,2.63789
2005-07-22,-1.16822
2005-07-25,0.47281
2005-07-26,-0.23529
2005-07-27,0.70755
2005-07-28,-1.63934
2005-07-29,1.90476
2005-08-01,0.93458
2005-08-02,0.46296
2005-08-03,-0.92166
2005-08-04,0.46512
2005-08-05,1.85185
2005-08-08,0.45455
2005-08-09,-0.22624
2005-08-10,-0.22676
2005-08-11,-1.81818
2005-08-12,-1.85185
2005-08-15,0.70755
2005-08-16,-0.93677
2005-08-17,1.18203
2005-08-18,-1.63551
2005-08-19,0.00000
2005-08-22,0.23753
2005-08-23,-0.47393
2005-08-24,-0.23810
2005-08-25,-0.23866
2005-08-26,0.47847
2005-08-29,0.00000
2005-08-30,-0.95238
2005-08-31,-3.36538
2005-09-01,0.00000
2005-09-02,0.24876
2005-09-05,.
2005-09-06,.
2005-09-07,1.46699
2005-09-08,0.00000
2005-09-09,-0.24096
2005-09-12,0.96618
2005-09-13,-0.95694
2005-09-14,0.72464
2005-09-15,1.19904
2005-09-16,0.94787
2005-09-19,-0.23474
2005-09-20,0.23529
2005-09-21,-1.64319
2005-09-22,0.00000
2005-09-23,1.43198
2005-09-26,1.17647
2005-09-27,0.00000
2005-09-28,-0.93023
2005-09-29,0.70423
2005-09-30,1.16550
2005-10-03,1.15207
2005-10-04,-0.22779
2005-10-05,-0.45662
2005-10-06,0.22936
2005-10-07,-0.45767
2005-10-10,.
2005-10-11,.
2005-10-12,1.36674
2005-10-13,0.67416
2005-10-14,0.00000
2005-10-17,0.44643
2005-10-18,-0.22222
2005-10-19,-0.44543
2005-10-20,-0.22371
2005-10-21,-1.56951
2005-10-24,1.36674
2005-10-25,2.02247
2005-10-26,1.32159
2005-10-27,-0.65217
2005-10-28,0.21882
2005-10-31,-0.21834
2005-11-01,0.21882
2005-11-02,0.65502
2005-11-03,0.86768
2005-11-04,0.21505
2005-11-07,-0.21459
2005-11-08,-1.72043
2005-11-09,1.53173
2005-11-10,-1.93966
2005-11-11,.
2005-11-14,.
2005-11-15,-1.08460
2005-11-16,-1.53509
2005-11-17,-0.66815
2005-11-18,0.89686
2005-11-21,-0.88889
2005-11-22,-0.67265
2005-11-23,0.90293
2005-11-24,.
2005-11-25,.
2005-11-28,-0.45147
2005-11-29,1.58730
2005-11-30,0.22321
2005-12-01,0.66815
2005-12-02,0.00000
2005-12-05,1.10619
2005-12-06,-1.75055
2005-12-07,0.66815
2005-12-08,-1.10619
2005-12-09,1.56600
2005-12-12,0.44053
2005-12-13,-0.43860
2005-12-14,-1.98238
2005-12-15,0.44944
2005-12-16,-0.44743
2005-12-19,0.00000
2005-12-20,0.44944
2005-12-21,0.44743
2005-12-22,-1.11359
2005-12-23,-1.35135
2005-12-26,.
2005-12-27,.
2005-12-28,0.92166
2005-12-29,-0.22831
2005-12-30,0.45767
2006-01-02,.
2006-01-03,.
2006-01-04,-0.22883
2006-01-05,0.00000
2006-01-06,0.45872
2006-01-09,0.00000
2006-01-10,1.14155
2006-01-11,0.67720
2006-01-12,-0.89686
2006-01-13,-1.35747
2006-01-16,.
2006-01-17,.
2006-01-18,0.00000
2006-01-19,0.92166
2006-01-20,-0.22831
2006-01-23,-0.22883
2006-01-24,0.91743
2006-01-25,2.04545
2006-01-26,0.89087
2006-01-27,-0.22075
2006-01-30,0.44248
2006-01-31,-0.22026
2006-02-01,0.88300
2006-02-02,0.00000
2006-02-03,-0.65646
2006-02-06,0.22026
2006-02-07,0.43956
2006-02-08,-0.21882
2006-02-09,-0.43860
2006-02-10,1.10132
2006-02-13,-0.21786
2006-02-14,0.87336
2006-02-15,-0.21645
2006-02-16,-0.43384
2006-02-17,-1.08932
2006-02-20,.
2006-02-21,.
2006-02-22,-0.87527
2006-02-23,0.66225
2006-02-24,0.43860
2006-02-27,0.21834
2006-02-28,-0.87146
2006-03-01,0.87912
2006-03-02,1.08932
2006-03-03,0.86207
2006-03-06,1.28205
2006-03-07,0.00000
2006-03-08,-0.21097
2006-03-09,0.21142
2006-03-10,0.42194
2006-03-13,0.21008
2006-03-14,-1.25786
2006-03-15,0.42463
2006-03-16,-1.69133
2006-03-17,0.64516
2006-03-20,-0.42735
2006-03-21,1.07296
2006-03-22,-0.21231
2006-03-23,0.63830
2006-03-24,-1.26850
2006-03-27,0.64240
2006-03-28,1.91489
2006-03-29,0.41754
2006-03-30,1.03950
2006-03-31,0.00000
2006-04-03,0.41152
2006-04-04,-0.20492
2006-04-05,-0.61602
2006-04-06,1.23967
2006-04-07,1.42857
2006-04-10,0.00000
2006-04-11,-0.80483
2006-04-12,1.01420
2006-04-13,1.40562
2006-04-14,.
2006-04-17,.
2006-04-18,-0.39920
2006-04-19,1.00200
2006-04-20,0.00000
2006-04-21,-0.59524
2006-04-24,-0.39920
2006-04-25,1.60321
2006-04-26,0.98619
2006-04-27,-0.58594
2006-04-28,-0.39293
2006-05-01,1.38067
2006-05-02,-0.38911
2006-05-03,0.58594
2006-05-04,0.19417
2006-05-05,-0.77519
2006-05-08,0.00000
2006-05-09,0.19531
2006-05-10,0.00000
2006-05-11,0.19493
2006-05-12,0.97276
2006-05-15,-0.77071
2006-05-16,-0.97087
2006-05-17,1.17647
2006-05-18,-1.55039
2006-05-19,-0.59055
2006-05-22,-0.19802
2006-05-23,0.59524
2006-05-24,-0.78895
2006-05-25,0.79523
2006-05-26,-0.19724
2006-05-29,.
2006-05-30,.
2006-05-31,0.58939
2006-06-01,-0.19531
2006-06-02,-2.15264
2006-06-05,0.40000
2006-06-06,-0.19920
2006-06-07,0.19960
2006-06-08,-0.39841
2006-06-09,-0.40000
2006-06-12,0.20080
2006-06-13,-0.40080
2006-06-14,1.60966
2006-06-15,0.99010
2006-06-16,0.58824
2006-06-19,0.19493
2006-06-20,0.19455
2006-06-21,0.19417
2006-06-22,0.77519
2006-06-23,0.57692
2006-06-26,0.38241
2006-06-27,-0.76190
2006-06-28,0.76775
2006-06-29,-0.57143
2006-06-30,-1.34100
2006-07-03,0.00000
2006-07-04,.
2006-07-05,.
2006-07-06,-0.76482
2006-07-07,-0.96339
2006-07-10,-0.19455
2006-07-11,-0.58480
2006-07-12,0.00000
2006-07-13,-0.39216
2006-07-14,-0.19685
2006-07-17,0.00000
2006-07-18,1.18343
2006-07-19,-1.36452
2006-07-20,-0.59289
2006-07-21,0.39761
2006-07-24,0.00000
2006-07-25,0.39604
2006-07-26,-0.59172
2006-07-27,0.59524
2006-07-28,-1.38067
2006-07-31,-0.20000
2006-08-01,0.00000
2006-08-02,-0.60120
2006-08-03,0.00000
2006-08-04,-1.00806
2006-08-07,0.40733
2006-08-08,0.00000
2006-08-09,-0.20284
2006-08-10,0.20325
2006-08-11,0.81136
2006-08-14,0.60362
2006-08-15,-1.40000
2006-08-16,-1.21704
2006-08-17,0.00000
2006-08-18,-0.61602
2006-08-21,-0.41322
2006-08-22,0.00000
2006-08-23,0.00000
2006-08-24,-0.20747
2006-08-25,-0.41580
2006-08-28,0.20877
2006-08-29,-0.20833
2006-08-30,-0.62630
2006-08-31,-0.42017
2006-09-01,-0.21097
2006-09-04,.
2006-09-05,.
2006-09-06,0.41841
2006-09-07,0.00000
2006-09-08,-0.41667
2006-09-11,0.41841
2006-09-12,-0.41667
2006-09-13,-0.20921
2006-09-14,0.41929
2006-09-15,0.20877
2006-09-18,0.20833
2006-09-19,-1.45530
2006-09-20,-0.21097
2006-09-21,-1.69133
2006-09-22,-1.07527
2006-09-25,-0.86957
2006-09-26,0.65789
2006-09-27,0.21786
2006-09-28,0.65217
2006-09-29,0.21598
2006-10-02,-0.43103
2006-10-03,0.00000
2006-10-04,-1.08225
2006-10-05,0.87527
2006-10-06,1.95228
2006-10-09,.
2006-10-10,.
2006-10-11,0.63158
2006-10-12,0.20921
2006-10-13,0.41754
2006-10-16,-0.41580
2006-10-17,-0.20877
2006-10-18,-0.20921
2006-10-19,0.41929
2006-10-20,0.00000
2006-10-23,0.83507
2006-10-24,0.00000
2006-10-25,-1.03520
2006-10-26,-1.04603
2006-10-27,-1.05708
2006-10-30,0.00000
2006-10-31,-1.49573
2006-11-01,-0.86768
2006-11-02,0.65646
2006-11-03,2.60870
2006-11-06,-0.21186
2006-11-07,-1.06157
2006-11-08,-0.42918
2006-11-09,-0.43103
2006-11-10,-0.64935
2006-11-13,0.43573
2006-11-14,-0.86768
2006-11-15,0.87527
2006-11-16,1.08460
2006-11-17,-1.07296
2006-11-20,-0.21692
2006-11-21,-0.43478
2006-11-22,-0.21834
2006-11-23,.
2006-11-24,.
2006-11-27,-0.21978
2006-11-28,-0.66079
2006-11-29,0.22173
2006-11-30,-1.32743
2006-12-01,-0.67265
2006-12-04,0.00000
2006-12-05,0.45147
2006-12-06,0.67416
2006-12-07,0.22321
2006-12-08,1.55902
2006-12-11,-0.87719
2006-12-12,-0.66372
2006-12-13,2.00445
2006-12-14,0.43668
2006-12-15,0.00000
2006-12-18,0.00000
2006-12-19,0.00000
2006-12-20,0.00000
2006-12-21,-1.08696
2006-12-22,1.75824
2006-12-25,.
2006-12-26,.
2006-12-27,1.08460
2006-12-28,0.85837
2006-12-29,0.21277
2007-01-01,.
2007-01-02,.
2007-01-03,-0.21368
2007-01-04,-1.07066
2007-01-05,0.64935
2007-01-08,0.21505
2007-01-09,0.00000
2007-01-10,0.64378
2007-01-11,1.06610
2007-01-12,0.63291
2007-01-15,.
2007-01-16,.
2007-01-17,0.84211
2007-01-18,-0.83507
2007-01-19,0.63158
2007-01-22,-0.41841
2007-01-23,1.05042
2007-01-24,0.00000
2007-01-25,1.24740
2007-01-26,0.20534
2007-01-29,0.40984
2007-01-30,-0.40816
2007-01-31,-1.02459
2007-02-01,0.20704
2007-02-02,-0.20661
2007-02-05,-0.41408
2007-02-06,-0.83160
2007-02-07,-0.62893
2007-02-08,-0.21097
2007-02-09,1.26850
2007-02-12,0.20877
2007-02-13,0.41667
2007-02-14,-1.65975
2007-02-15,-0.84388
2007-02-16,-0.21277
2007-02-19,.
2007-02-20,.
2007-02-21,0.21368
2007-02-22,0.85288
2007-02-23,-1.05708
2007-02-26,-1.06838
2007-02-27,-2.80778
2007-02-28,1.33333
2007-03-01,0.00000
2007-03-02,-0.87719
2007-03-05,-0.22124
2007-03-06,0.44346
2007-03-07,-0.66225
2007-03-08,0.22222
2007-03-09,1.77384
2007-03-12,-0.65359
2007-03-13,-1.31579
2007-03-14,0.66667
2007-03-15,0.22075
2007-03-16,0.22026
2007-03-19,0.65934
2007-03-20,-0.43668
2007-03-21,-0.65789
2007-03-22,1.54525
2007-03-23,0.43478
2007-03-26,-0.43290
2007-03-27,0.43478
2007-03-28,0.00000
2007-03-29,0.43290
2007-03-30,0.21552
2007-04-02,0.00000
2007-04-03,0.43011
2007-04-04,-0.21413
2007-04-05,0.42918
2007-04-06,1.70940
2007-04-09,-0.21008
2007-04-10,-0.42105
2007-04-11,0.21142
2007-04-12,0.00000
2007-04-13,0.42194
2007-04-16,-0.42017
2007-04-17,-1.05485
2007-04-18,-0.63966
2007-04-19,0.42918
2007-04-20,0.00000
2007-04-23,-0.42735
2007-04-24,-0.64378
2007-04-25,0.64795
2007-04-26,0.64378
2007-04-27,0.42644
2007-04-30,-1.69851
2007-05-01,0.21598
2007-05-02,0.21552
2007-05-03,0.64516
2007-05-04,-0.64103
2007-05-07,-0.21505
2007-05-08,-0.21552
2007-05-09,0.86393
2007-05-10,-0.42827
2007-05-11,0.43011
2007-05-14,0.42827
2007-05-15,0.42644
2007-05-16,0.00000
2007-05-17,1.06157
2007-05-18,1.05042
2007-05-21,-0.41580
2007-05-22,0.83507
2007-05-23,0.62112
2007-05-24,0.00000
2007-05-25,0.00000
2007-05-28,.
2007-05-29,.
2007-05-30,0.00000
2007-05-31,0.40984
2007-06-01,1.02041
2007-06-04,-0.40404
2007-06-05,1.01420
2007-06-06,-0.20080
2007-06-07,2.81690
2007-06-08,0.19569
2007-06-11,0.39063
2007-06-12,2.33463
2007-06-13,-1.14068
2007-06-14,0.57692
2007-06-15,-1.33843
2007-06-18,-0.19380
2007-06-19,-1.16505
2007-06-20,0.98232
2007-06-21,0.38911
2007-06-22,-0.38760
2007-06-25,-0.97276
2007-06-26,0.19646
2007-06-27,-0.19608
2007-06-28,0.58939
2007-06-29,-1.75781
2007-07-02,-0.59642
2007-07-03,1.00000
2007-07-04,.
2007-07-05,.
2007-07-06,0.58140
2007-07-09,-0.57803
2007-07-10,-2.51938
2007-07-11,1.19284
2007-07-12,0.78585
2007-07-13,-0.38986
2007-07-16,-1.17417
2007-07-17,0.59406
2007-07-18,-1.18110
2007-07-19,0.39841
2007-07-20,-1.58730
2007-07-23,0.20161
2007-07-24,-0.60362
2007-07-25,-0.40486
2007-07-26,-2.64228
2007-07-27,0.20877
2007-07-30,0.41667
2007-07-31,-0.82988
2007-08-01,-0.41841
2007-08-02,0.21008
2007-08-03,-1.25786
2007-08-06,0.21231
2007-08-07,1.05932
2007-08-08,1.46751
2007-08-09,-1.03306
2007-08-10,0.41754
2007-08-13,-0.62370
2007-08-14,-1.04603
2007-08-15,-0.84567
2007-08-16,-1.91898
2007-08-17,1.73913
2007-08-20,-0.85470
2007-08-21,-0.86207
2007-08-22,0.65217
2007-08-23,-0.21598
2007-08-24,0.21645
2007-08-27,-0.64795
2007-08-28,-1.52174
2007-08-29,0.88300
2007-08-30,-1.31291
2007-08-31,0.66519
2007-09-03,.
2007-09-04,.
2007-09-05,-1.75439
2007-09-06,0.66964
2007-09-07,-2.88248
2007-09-10,-0.91324
2007-09-11,0.69124
2007-09-12,0.91533
2007-09-13,1.81406
2007-09-14,-0.44543
2007-09-17,0.22371
2007-09-18,0.44643
2007-09-19,0.66667
2007-09-20,3.53201
2007-09-21,-1.06610
2007-09-24,-0.21552
2007-09-25,0.00000
2007-09-26,0.00000
2007-09-27,-1.07991
2007-09-28,0.21834
2007-10-01,-0.65359
2007-10-02,-0.43860
2007-10-03,0.22026
2007-10-04,-0.21978
2007-10-05,2.42291
2007-10-08,.
2007-10-09,.
2007-10-10,-0.42827
2007-10-11,0.21505
2007-10-12,0.85837
2007-10-15,-0.21277
2007-10-16,-0.63966
2007-10-17,-1.93133
2007-10-18,-1.09409
2007-10-19,-2.43363
2007-10-22,0.22676
2007-10-23,-0.22624
2007-10-24,-1.13379
2007-10-25,0.22936
2007-10-26,0.91533
2007-10-29,-0.45351
2007-10-30,0.22779
2007-10-31,1.81818
2007-11-01,-2.67857
2007-11-02,-1.14679
2007-11-05,0.92807
2007-11-06,0.68966
2007-11-07,-0.91324
2007-11-08,-1.38249
2007-11-09,-1.16822
2007-11-12,.
2007-11-13,.
2007-11-14,0.46948
2007-11-15,-2.57009
2007-11-16,-0.47962
2007-11-19,-1.92771
2007-11-20,-0.24570
2007-11-21,-1.47783
2007-11-22,.
2007-11-23,.
2007-11-26,-4.48878
2007-11-27,3.13316
2007-11-28,2.02532
2007-11-29,-2.23325
2007-11-30,0.76142
2007-12-03,-2.01511
2007-12-04,0.00000
2007-12-05,0.77121
2007-12-06,2.55102
2007-12-07,2.48756
2007-12-10,0.72816
2007-12-11,-4.09639
2007-12-12,1.75879
2007-12-13,3.20988
2007-12-14,1.43541
2007-12-17,-0.94340
2007-12-18,-1.42857
2007-12-19,-1.93237
2007-12-20,-0.49261
2007-12-21,3.46535
2007-12-24,1.19617
2007-12-25,.
2007-12-26,.
2007-12-27,-2.09302
2007-12-28,-2.37530
2007-12-31,-1.70316
2008-01-01,.
2008-01-02,.
2008-01-03,0.00000
2008-01-04,-0.76726
2008-01-07,-0.51546
2008-01-08,0.00000
2008-01-09,-1.03627
2008-01-10,2.35602
2008-01-11,-2.30179
2008-01-14,-0.26178
2008-01-15,-2.36220
2008-01-16,0.53763
2008-01-17,-2.13904
2008-01-18,0.00000
2008-01-21,.
2008-01-22,.
2008-01-23,-0.28409
2008-01-24,4.84330
2008-01-25,-1.90217
2008-01-28,0.00000
2008-01-29,2.21607
2008-01-30,2.43902
2008-01-31,-2.91005
2008-02-01,-1.36240
2008-02-04,1.65746
2008-02-05,-1.90217
2008-02-06,0.00000
2008-02-07,3.60111
2008-02-08,-2.67380
2008-02-11,-0.54945
2008-02-12,1.10497
2008-02-13,1.09290
2008-02-14,4.05405
2008-02-15,-2.33766
2008-02-18,.
2008-02-19,.
2008-02-20,1.02828
2008-02-21,-4.07125
2008-02-22,0.53050
2008-02-25,3.16623
2008-02-26,-0.76726
2008-02-27,-0.77320
2008-02-28,-3.63636
2008-02-29,-4.85175
2008-03-03,0.28329
2008-03-04,2.54237
2008-03-05,1.92837
2008-03-06,-2.16216
2008-03-07,-1.65746
2008-03-10,-2.80899
2008-03-11,4.04624
2008-03-12,-3.05556
2008-03-13,2.00573
2008-03-14,-3.37079
2008-03-17,-2.90698
2008-03-18,4.19162
2008-03-19,-2.87356
2008-03-20,-1.18343
2008-03-21,.
2008-03-24,.
2008-03-25,-1.40449
2008-03-26,0.00000
2008-03-27,1.42450
2008-03-28,-2.52809
2008-03-31,-0.57637
2008-04-01,3.47826
2008-04-02,0.84034
2008-04-03,0.27778
2008-04-04,-3.04709
2008-04-07,2.00000
2008-04-08,0.28011
2008-04-09,-2.51397
2008-04-10,1.71920
2008-04-11,-1.69014
2008-04-14,1.14613
2008-04-15,1.98300
2008-04-16,3.33333
2008-04-17,0.80645
2008-04-18,0.53333
2008-04-21,-0.53050
2008-04-22,-0.26667
2008-04-23,0.80214
2008-04-24,2.65252
2008-04-25,1.03359
2008-04-28,-1.27877
2008-04-29,-0.25907
2008-04-30,-2.07792
2008-05-01,0.26525
2008-05-02,2.91005
2008-05-05,-0.25707
2008-05-06,1.28866
2008-05-07,-1.52672
2008-05-08,-2.06718
2008-05-09,-0.52770
2008-05-12,0.26525
2008-05-13,3.17460
2008-05-14,0.51282
2008-05-15,-2.29592
2008-05-16,0.52219
2008-05-19,-0.51948
2008-05-20,-1.30548
2008-05-21,0.79365
2008-05-22,2.88714
2008-05-23,-1.78571
2008-05-26,.
2008-05-27,.
2008-05-28,2.54453
2008-05-29,1.24069
2008-05-30,-0.49020
2008-06-02,-1.97044
2008-06-03,-1.50754
2008-06-04,1.53061
2008-06-05,2.01005
2008-06-06,-2.95567
2008-06-09,2.03046
2008-06-10,2.23881
2008-06-11,-0.24331
2008-06-12,3.17073
2008-06-13,0.94563
2008-06-16,-0.46838
2008-06-17,-0.47059
2008-06-18,-1.65485
2008-06-19,1.44231
2008-06-20,-1.42180
2008-06-23,0.72115
2008-06-24,-2.14797
2008-06-25,0.48780
2008-06-26,-1.21359
2008-06-27,-1.96560
2008-06-30,0.00000
2008-07-01,0.50125
2008-07-02,-0.49875
2008-07-03,0.00000
2008-07-04,.
2008-07-07,.
2008-07-08,-1.01266
2008-07-09,-1.53453
2008-07-10,-0.51948
2008-07-11,3.39426
2008-07-14,-1.51515
2008-07-15,-0.76923
2008-07-16,2.58398
2008-07-17,2.51889
2008-07-18,0.98280
2008-07-21,-0.48662
2008-07-22,1.22249
2008-07-23,0.48309
2008-07-24,-3.12500
2008-07-25,2.48139
2008-07-28,-1.69492
2008-07-29,0.73892
2008-07-30,-0.48900
2008-07-31,-1.96560
2008-08-01,-0.50125
2008-08-04,0.25189
2008-08-05,1.50754
2008-08-06,0.49505
2008-08-07,-3.44828
2008-08-08,0.51020
2008-08-11,1.26904
2008-08-12,-2.00501
2008-08-13,0.76726
2008-08-14,-1.26904
2008-08-15,-1.28535
2008-08-18,-0.52083
2008-08-19,0.26178
2008-08-20,-1.04439
2008-08-21,1.31926
2008-08-22,0.78125
2008-08-25,-2.06718
2008-08-26,0.00000
2008-08-27,-0.52770
2008-08-28,0.53050
2008-08-29,1.05541
2008-09-01,.
2008-09-02,.
2008-09-03,-0.80214
2008-09-04,-1.88679
2008-09-05,0.54945
2008-09-08,0.00000
2008-09-09,-1.09290
2008-09-10,0.82873
2008-09-11,-0.27397
2008-09-12,2.74725
2008-09-15,-7.21925
2008-09-16,0.28818
2008-09-17,-2.01149
2008-09-18,3.81232
2008-09-19,6.77966
2008-09-22,1.32275
2008-09-23,0.52219
2008-09-24,-1.29870
2008-09-25,2.10526
2008-09-26,-0.77320
2008-09-29,-6.23377
2008-09-30,6.64820
2008-10-01,-2.07792
2008-10-02,-2.91777
2008-10-03,-0.81967
2008-10-06,-4.13223
2008-10-07,0.57471
2008-10-08,6.28571
2008-10-09,3.22581
2008-10-10,1.30208
2008-10-13,.
2008-10-14,.
2008-10-15,-0.98039
2008-10-16,-1.23762
2008-10-17,-0.25063
2008-10-20,-1.75879
2008-10-21,-3.83632
2008-10-22,-2.92553
2008-10-23,-0.54795
2008-10-24,3.58127
2008-10-27,0.79787
2008-10-28,2.63852
2008-10-29,1.02828
2008-10-30,1.78117
2008-10-31,0.25000
2008-11-03,-1.24688
2008-11-04,-3.78788
2008-11-05,-2.09974
2008-11-06,0.53619
2008-11-07,2.13333
2008-11-10,-0.26110
2008-11-11,.
2008-11-12,.
2008-11-13,2.40000
2008-11-14,-3.12500
2008-11-17,-1.07527
2008-11-18,-4.07609
2008-11-19,-4.24929
2008-11-20,-8.28402
2008-11-21,3.22581
2008-11-24,4.68750
2008-11-25,-7.16418
2008-11-26,-3.85852
2008-11-27,.
2008-11-28,.
2008-12-01,-7.16724
2008-12-02,-1.47059
2008-12-03,-0.37313
2008-12-04,-4.49438
2008-12-05,4.70588
2008-12-08,3.74532
2008-12-09,-3.61011
2008-12-10,0.74906
2008-12-11,-1.85874
2008-12-12,-1.51515
2008-12-15,-2.69231
2008-12-16,-6.32411
2008-12-17,-7.17300
2008-12-18,-5.45455
2008-12-19,2.40385
2008-12-22,1.40845
2008-12-23,0.92593
2008-12-24,0.91743
2008-12-25,.
2008-12-26,.
2008-12-29,-1.38889
2008-12-30,-0.93897
2008-12-31,6.63507
2009-01-01,.
2009-01-02,.
2009-01-05,1.21951
2009-01-06,0.80321
2009-01-07,0.39841
2009-01-08,-1.98413
2009-01-09,-1.61943
2009-01-12,-3.70370
2009-01-13,-0.42735
2009-01-14,-3.86266
2009-01-15,-0.44643
2009-01-16,5.82960
2009-01-19,.
2009-01-20,.
2009-01-21,6.66667
2009-01-22,2.34375
2009-01-23,1.14504
2009-01-26,1.88679
2009-01-27,-4.07407
2009-01-28,4.63320
2009-01-29,5.90406
2009-01-30,0.00000
2009-02-02,-3.83275
2009-02-03,4.71014
2009-02-04,2.07612
2009-02-05,0.00000
2009-02-06,3.38983
2009-02-09,0.65574
2009-02-10,-5.53746
2009-02-11,-4.13793
2009-02-12,-1.07914
2009-02-13,5.09091
2009-02-16,.
2009-02-17,.
2009-02-18,3.78788
2009-02-19,4.01460
2009-02-20,-2.45614
2009-02-23,0.00000
2009-02-24,0.71942
2009-02-25,5.35714
2009-02-26,1.01695
2009-02-27,1.34228
2009-03-02,-3.64238
2009-03-03,0.68729
2009-03-04,2.73038
2009-03-05,-5.98007
2009-03-06,0.00000
2009-03-09,2.12014
2009-03-10,3.46021
2009-03-11,-1.33779
2009-03-12,-2.03390
2009-03-13,0.00000
2009-03-16,2.76817
2009-03-17,1.68350
2009-03-18,-16.88742
2009-03-19,3.98406
2009-03-20,1.53257
2009-03-23,1.13208
2009-03-24,0.00000
2009-03-25,4.85075
2009-03-26,-1.77936
2009-03-27,0.72464
2009-03-30,-1.79856
2009-03-31,-0.73260
2009-04-01,-1.10701
2009-04-02,3.35821
2009-04-03,5.05415
2009-04-06,1.37457
2009-04-07,-0.67797
2009-04-08,-2.38908
2009-04-09,3.49650
2009-04-10,.
2009-04-13,.
2009-04-14,-2.77778
2009-04-15,0.71429
2009-04-16,1.41844
2009-04-17,4.19580
2009-04-20,-3.35570
2009-04-21,2.08333
2009-04-22,1.36054
2009-04-23,-0.67114
2009-04-24,2.36486
2009-04-27,-2.64026
2009-04-28,3.38983
2009-04-29,2.29508
2009-04-30,1.28205
2009-05-01,1.58228
2009-05-04,-0.62305
2009-05-05,0.31348
2009-05-06,-0.62500
2009-05-07,3.45912
2009-05-08,0.00000
2009-05-11,-3.64742
2009-05-12,0.00000
2009-05-13,-1.89274
2009-05-14,-0.32154
2009-05-15,1.29032
2009-05-18,2.54777
2009-05-19,0.93168
2009-05-20,-1.84615
2009-05-21,5.01567
2009-05-22,2.98507
2009-05-25,.
2009-05-26,.
2009-05-27,6.00000
2009-05-28,-1.07817
2009-05-29,-5.44959
2009-06-01,6.91643
2009-06-02,-1.61725
2009-06-03,-2.46575
2009-06-04,4.49438
2009-06-05,3.22581
2009-06-08,1.82292
2009-06-09,-1.27877
2009-06-10,3.10881
2009-06-11,-2.51256
2009-06-12,-1.80412
2009-06-15,-1.31234
2009-06-16,-2.39362
2009-06-17,0.27248
2009-06-18,4.89130
2009-06-19,-1.81347
2009-06-22,-1.84697
2009-06-23,-1.88172
2009-06-24,1.91781
2009-06-25,-4.56989
2009-06-26,-0.84507
2009-06-29,-0.28409
2009-06-30,0.56980
2009-07-01,0.56657
2009-07-02,-1.12676
2009-07-03,.
2009-07-06,.
2009-07-07,-1.42045
2009-07-08,-4.03458
2009-07-09,3.30330
2009-07-10,-3.48837
2009-07-13,1.80723
2009-07-14,3.55030
2009-07-15,3.71429
2009-07-16,-1.10193
2009-07-17,2.22841
2009-07-20,-1.63488
2009-07-21,-3.04709
2009-07-22,2.28571
2009-07-23,3.91061
2009-07-24,-0.53763
2009-07-27,1.35135
2009-07-28,-0.80000
2009-07-29,-0.80645
2009-07-30,-0.54201
2009-07-31,-4.08719
2009-08-03,3.97727
2009-08-04,1.09290
2009-08-05,2.70270
2009-08-06,-0.26316
2009-08-07,2.63852
2009-08-10,-2.31362
2009-08-11,-2.36842
2009-08-12,0.26954
2009-08-13,-3.49462
2009-08-14,-1.11421
2009-08-17,-1.97183
2009-08-18,0.86207
2009-08-19,-1.70940
2009-08-20,-0.86957
2009-08-21,4.09357
2009-08-24,-2.24719
2009-08-25,-0.86207
2009-08-26,-0.28986
2009-08-27,0.87209
2009-08-28,-0.28818
2009-08-31,-1.73410
2009-09-01,-0.58824
2009-09-02,-2.66272
2009-09-03,1.21581
2009-09-04,3.60360
2009-09-07,.
2009-09-08,.
2009-09-09,0.28818
2009-09-10,-3.44828
2009-09-11,-0.59524
2009-09-14,2.39521
2009-09-15,1.46199
2009-09-16,0.28818
2009-09-17,-1.72414
2009-09-18,2.04678
2009-09-21,0.00000
2009-09-22,-0.85960
2009-09-23,-0.57803
2009-09-24,-1.16279
2009-09-25,-1.76471
2009-09-28,-0.89820
2009-09-29,0.00000
2009-09-30,0.00000
2009-10-01,-3.02115
2009-10-02,0.93458
2009-10-05,0.00000
2009-10-06,0.92593
2009-10-07,-1.83486
2009-10-08,1.86916
2009-10-09,3.97554
2009-10-12,.
2009-10-13,.
2009-10-14,3.29341
2009-10-15,1.15942
2009-10-16,-1.71920
2009-10-19,-0.58309
2009-10-20,-1.75953
2009-10-21,2.08955
2009-10-22,0.58480
2009-10-23,2.03488
2009-10-26,2.27920
2009-10-27,-2.78552
2009-10-28,-1.43266
2009-10-29,2.61628
2009-10-30,-3.39943
2009-11-02,1.17302
2009-11-03,1.44928
2009-11-04,2.00000
2009-11-05,0.00000
2009-11-06,-0.84034
2009-11-09,-0.56497
2009-11-10,-0.56818
2009-11-11,.
2009-11-12,.
2009-11-13,-0.57971
2009-11-16,-2.91545
2009-11-17,0.00000
2009-11-18,0.90090
2009-11-19,-0.29762
2009-11-20,0.29851
2009-11-23,0.29762
2009-11-24,-1.48368
2009-11-25,-1.20482
2009-11-26,.
2009-11-27,.
2009-11-30,0.00000
2009-12-01,2.18069
2009-12-02,1.21951
2009-12-03,2.10843
2009-12-04,2.65487
2009-12-07,-1.14943
2009-12-08,-1.16279
2009-12-09,1.47059
2009-12-10,1.15942
2009-12-11,1.71920
2009-12-14,0.28169
2009-12-15,1.12360
2009-12-16,0.27778
2009-12-17,-3.04709
2009-12-18,1.42857
2009-12-21,3.94366
2009-12-22,1.89702
2009-12-23,0.26596
2009-12-24,1.32626
2009-12-25,.
2009-12-28,.
2009-12-29,-0.77922
2009-12-30,-0.52356
2009-12-31,1.31579
2010-01-01,.
2010-01-04,.
2010-01-05,-2.07792
2010-01-06,2.12202
2010-01-07,0.00000
2010-01-08,-0.51948
2010-01-11,0.52219
2010-01-12,-2.85714
2010-01-13,1.60428
2010-01-14,-1.05263
2010-01-15,-1.59574
2010-01-18,.
2010-01-19,.
2010-01-20,-1.34048
2010-01-21,-1.63043
2010-01-22,0.00000
2010-01-25,1.10497
2010-01-26,-0.27322
2010-01-27,0.27397
2010-01-28,0.54645
2010-01-29,-1.35870
2010-02-01,1.37741
2010-02-02,-0.27174
2010-02-03,1.63488
2010-02-04,-2.94906
2010-02-05,-0.82873
2010-02-08,0.83565
2010-02-09,1.38122
2010-02-10,1.36240
2010-02-11,0.26882
2010-02-12,-1.07239
2010-02-15,.
2010-02-16,.
2010-02-17,2.18579
2010-02-18,1.33690
2010-02-19,-0.26385
2010-02-22,0.52910
2010-02-23,-2.89474
2010-02-24,0.27100
2010-02-25,-1.62162
2010-02-26,-0.82418
2010-03-01,0.00000
2010-03-02,0.27701
2010-03-03,0.27624
2010-03-04,-0.55096
2010-03-05,2.21607
2010-03-08,0.81301
2010-03-09,-0.26882
2010-03-10,0.53908
2010-03-11,0.00000
2010-03-12,-0.53619
2010-03-15,0.00000
2010-03-16,-1.34771
2010-03-17,-0.27322
2010-03-18,0.82192
2010-03-19,0.54348
2010-03-22,-0.81081
2010-03-23,0.54496
2010-03-24,4.06504
2010-03-25,1.82292
2010-03-26,-1.27877
2010-03-29,0.51813
2010-03-30,0.00000
2010-03-31,-1.03093
2010-04-01,1.30208
2010-04-02,1.79949
2010-04-05,1.26263
2010-04-06,-0.74813
2010-04-07,-2.26131
2010-04-08,0.51414
2010-04-09,-0.25575
2010-04-12,-0.76923
2010-04-13,-0.77519
2010-04-14,1.04167
2010-04-15,-0.51546
2010-04-16,-1.81347
2010-04-19,1.05541
2010-04-20,-0.26110
2010-04-21,-1.30890
2010-04-22,0.79576
2010-04-23,1.05263
2010-04-26,-0.26042
2010-04-27,-3.13316
2010-04-28,2.42588
2010-04-29,-1.05263
2010-04-30,-1.86170
2010-05-03,0.81301
2010-05-04,-2.41935
2010-05-05,-1.37741
2010-05-06,-4.74860
2010-05-07,1.17302
2010-05-10,3.47826
2010-05-11,-0.28011
2010-05-12,0.00000
2010-05-13,-0.28090
2010-05-14,-3.09859
2010-05-17,0.87209
2010-05-18,-2.59366
2010-05-19,-0.59172
2010-05-20,-3.27381
2010-05-21,-1.53846
2010-05-24,0.93750
2010-05-25,-1.54799
2010-05-26,0.94340
2010-05-27,4.04984
2010-05-28,-0.89820
2010-05-31,.
2010-06-01,.
2010-06-02,1.82371
2010-06-03,1.19403
2010-06-04,-5.60472
2010-06-07,-0.93750
2010-06-08,0.31546
2010-06-09,0.62893
2010-06-10,4.06250
2010-06-11,-2.70270
2010-06-14,1.23457
2010-06-15,1.21951
2010-06-16,-1.50602
2010-06-17,-1.83486
2010-06-18,0.93458
2010-06-21,0.61728
2010-06-22,-2.45399
2010-06-23,-1.57233
2010-06-24,0.31949
2010-06-25,-0.63694
2010-06-28,-2.24359
2010-06-29,-2.62295
2010-06-30,0.00000
2010-07-01,-0.33670
2010-07-02,1.35135
2010-07-05,.
2010-07-06,.
2010-07-07,1.69492
2010-07-08,1.33333
2010-07-09,0.98684
2010-07-12,0.32573
2010-07-13,2.27273
2010-07-14,-2.53968
2010-07-15,-2.28013
2010-07-16,-1.33333
2010-07-19,1.01351
2010-07-20,-0.33445
2010-07-21,-2.68456
2010-07-22,2.06897
2010-07-23,2.02703
2010-07-26,0.33113
2010-07-27,1.65017
2010-07-28,-1.62338
2010-07-29,0.00000
2010-07-30,-2.97030
2010-08-02,1.70068
2010-08-03,-1.67224
2010-08-04,1.36054
2010-08-05,-1.34228
2010-08-06,-2.72109
2010-08-09,0.00000
2010-08-10,-2.44755
2010-08-11,-2.50896
2010-08-12,0.73529
2010-08-13,-2.18978
2010-08-16,-3.73134
2010-08-17,2.32558
2010-08-18,0.00000
2010-08-19,-2.27273
2010-08-20,1.55039
2010-08-23,-0.76336
2010-08-24,-3.84615
2010-08-25,1.60000
2010-08-26,-1.57480
2010-08-27,6.40000
2010-08-30,-4.51128
2010-08-31,-2.75591
2010-09-01,4.45344
2010-09-02,1.93798
2010-09-03,3.42205
2010-09-06,.
2010-09-07,.
2010-09-08,1.91571
2010-09-09,4.13534
2010-09-10,1.44404
2010-09-13,-2.49110
2010-09-14,-2.18978
2010-09-15,2.23881
2010-09-16,1.09489
2010-09-17,-0.72202
2010-09-20,-1.09091
2010-09-21,-4.04412
2010-09-22,-1.91571
2010-09-23,0.00000
2010-09-24,2.34375
2010-09-27,-3.05344
2010-09-28,-2.36220
2010-09-29,1.61290
2010-09-30,0.39683
2010-10-01,0.39526
2010-10-04,-1.57480
2010-10-05,0.00000
2010-10-06,-3.60000
2010-10-07,0.00000
2010-10-08,0.00000
2010-10-11,.
2010-10-12,.
2010-10-13,0.81967
2010-10-14,2.43902
2010-10-15,2.77778
2010-10-18,-2.70270
2010-10-19,-0.79365
2010-10-20,0.40000
2010-10-21,2.39044
2010-10-22,0.77821
2010-10-25,0.00000
2010-10-26,3.08880
2010-10-27,2.99625
2010-10-28,-2.18182
2010-10-29,-2.23048
2010-11-01,1.14068
2010-11-02,-1.12782
2010-11-03,1.52091
2010-11-04,-5.24345
2010-11-05,1.97628
2010-11-08,0.77519
2010-11-09,4.61538
2010-11-10,-2.57353
2010-11-11,.
2010-11-12,.
2010-11-15,5.79710
2010-11-16,-2.39726
2010-11-17,1.40351
2010-11-18,0.34602
2010-11-19,-0.68966
2010-11-22,-2.77778
2010-11-23,-1.07143
2010-11-24,5.77617
2010-11-25,.
2010-11-26,.
2010-11-29,-1.04530
2010-11-30,-1.05634
2010-12-01,5.69395
2010-12-02,1.34680
2010-12-03,0.66445
2010-12-06,-2.64026
2010-12-07,6.77966
2010-12-08,3.49206
2010-12-09,-0.92025
2010-12-10,2.78638
2010-12-13,-0.90361
2010-12-14,6.07903
2010-12-15,1.14613
2010-12-16,-1.69972
2010-12-17,-4.03458
2010-12-20,0.90090
2010-12-21,-0.29762
2010-12-22,0.29851
2010-12-23,1.48810
2010-12-24,.
2010-12-27,.
2010-12-28,4.16667
2010-12-29,-4.28571
2010-12-30,0.89552
2010-12-31,-2.36686
2011-01-03,1.81818
2011-01-04,0.00000
2011-01-05,4.16667
2011-01-06,-1.71429
2011-01-07,-2.90698
2011-01-10,-0.59880
2011-01-11,1.50602
2011-01-12,0.89021
2011-01-13,-1.76471
2011-01-14,0.29940
2011-01-17,.
2011-01-18,.
2011-01-19,-0.58997
2011-01-20,2.96736
2011-01-21,-0.86455
2011-01-24,-0.29070
2011-01-25,-2.33236
2011-01-26,2.98507
2011-01-27,-0.86957
2011-01-28,-1.75439
2011-01-31,1.78571
2011-02-01,1.75439
2011-02-02,1.14943
2011-02-03,1.70455
2011-02-04,2.79330
2011-02-07,0.00000
2011-02-08,1.90217
2011-02-09,-2.66667
2011-02-10,1.36986
2011-02-11,-1.62162
2011-02-14,-0.54945
2011-02-15,-0.27624
2011-02-16,0.27701
2011-02-17,-1.10497
2011-02-18,0.27933
2011-02-21,.
2011-02-22,.
2011-02-23,0.86705
2011-02-24,-0.85960
2011-02-25,-1.15607
2011-02-28,0.00000
2011-03-01,-0.29240
2011-03-02,1.46628
2011-03-03,3.46821
2011-03-04,-2.51397
2011-03-07,0.57307
2011-03-08,1.42450
2011-03-09,-2.24719
2011-03-10,-3.16092
2011-03-11,0.89021
2011-03-14,-1.17647
2011-03-15,-0.89286
2011-03-16,-3.30330
2011-03-17,0.93168
2011-03-18,0.92308
2011-03-21,1.82927
2011-03-22,0.00000
2011-03-23,0.59880
2011-03-24,1.78571
2011-03-25,1.16959
2011-03-28,0.28902
2011-03-29,0.86455
2011-03-30,-0.85714
2011-03-31,0.00000
2011-04-01,-0.28818
2011-04-04,-0.28902
2011-04-05,1.44928
2011-04-06,1.71429
2011-04-07,0.56180
2011-04-08,0.27933
2011-04-11,0.00000
2011-04-12,-1.94986
2011-04-13,-0.85227
2011-04-14,0.57307
2011-04-15,-2.27920
2011-04-18,-0.87464
2011-04-19,-0.29412
2011-04-20,1.17994
2011-04-21,-0.29155
2011-04-22,.
2011-04-25,.
2011-04-26,-1.47493
2011-04-27,1.49701
2011-04-28,-1.47493
2011-04-29,-0.59880
2011-05-02,-0.30120
2011-05-03,-0.90634
2011-05-04,-0.91463
2011-05-05,-2.15385
2011-05-06,0.31447
2011-05-09,-0.62696
2011-05-10,1.89274
2011-05-11,-1.23839
2011-05-12,0.94044
2011-05-13,-1.24224
2011-05-16,-0.94340
2011-05-17,-0.95238
2011-05-18,1.92308
2011-05-19,-0.31447
2011-05-20,-0.63091
2011-05-23,-0.63492
2011-05-24,-0.31949
2011-05-25,0.32051
2011-05-26,-1.91693
2011-05-27,0.00000
2011-05-30,.
2011-05-31,.
2011-06-01,-2.95082
2011-06-02,2.70270
2011-06-03,-1.64474
2011-06-06,0.66890
2011-06-07,0.00000
2011-06-08,-0.99668
2011-06-09,1.00671
2011-06-10,-0.66445
2011-06-13,0.33445
2011-06-14,3.66667
2011-06-15,-4.18006
2011-06-16,-1.67785
2011-06-17,0.34130
2011-06-20,1.02041
2011-06-21,0.67340
2011-06-22,0.66890
2011-06-23,-2.65781
2011-06-24,-1.70648
2011-06-27,2.43056
2011-06-28,3.38983
2011-06-29,2.95082
2011-06-30,1.27389
2011-07-01,1.25786
2011-07-04,.
2011-07-05,.
2011-07-06,-1.26582
2011-07-07,1.60256
2011-07-08,-4.41640
2011-07-11,-2.97030
2011-07-12,-0.68027
2011-07-13,0.00000
2011-07-14,2.05479
2011-07-15,-1.34228
2011-07-18,0.00000
2011-07-19,-1.02041
2011-07-20,1.71821
2011-07-21,2.36486
2011-07-22,-1.32013
2011-07-25,1.33779
2011-07-26,-1.32013
2011-07-27,0.66890
2011-07-28,-0.99668
2011-07-29,-5.36913
2011-08-01,-1.77305
2011-08-02,-3.97112
2011-08-03,-0.75188
2011-08-04,-6.43939
2011-08-05,4.45344
2011-08-08,-6.97674
2011-08-09,-8.33333
2011-08-10,-1.36364
2011-08-11,7.83410
2011-08-12,-4.27350
2011-08-15,2.23214
2011-08-16,-2.62009
2011-08-17,-2.69058
2011-08-18,-4.14747
2011-08-19,-0.48077
2011-08-22,1.44928
2011-08-23,2.38095
2011-08-24,6.51163
2011-08-25,-2.62009
2011-08-26,-1.79372
2011-08-29,4.10959
2011-08-30,-3.94737
2011-08-31,1.82648
2011-09-01,-3.58744
2011-09-02,-6.04651
2011-09-05,.
2011-09-06,.
2011-09-07,3.53535
2011-09-08,-2.43902
2011-09-09,-3.50000
2011-09-12,0.51813
2011-09-13,3.09278
2011-09-14,1.50000
2011-09-15,2.95567
2011-09-16,-0.47847
2011-09-19,-5.28846
2011-09-20,-1.01523
2011-09-21,-3.58974
2011-09-22,-8.51064
2011-09-23,6.97674
2011-09-26,3.80435
2011-09-27,4.71204
2011-09-28,1.50000
2011-09-29,-1.97044
2011-09-30,-3.51759
2011-10-03,-6.25000
2011-10-04,0.55556
2011-10-05,6.07735
2011-10-06,4.68750
2011-10-07,4.47761
2011-10-10,.
2011-10-11,.
2011-10-12,2.75229
2011-10-13,-2.23214
2011-10-14,3.19635
2011-10-17,-3.53982
2011-10-18,0.45872
2011-10-19,-0.45662
2011-10-20,0.91743
2011-10-21,1.36364
2011-10-24,0.89686
2011-10-25,-4.88889
2011-10-26,4.20561
2011-10-27,8.52018
2011-10-28,-3.30579
2011-10-31,-7.26496
2011-11-01,-7.37327
2011-11-02,0.99502
2011-11-03,2.95567
2011-11-04,-1.43541
2011-11-07,-0.97087
2011-11-08,2.94118
2011-11-09,-4.76190
2011-11-10,2.00000
2011-11-11,.
2011-11-14,.
2011-11-15,0.98039
2011-11-16,-2.42718
2011-11-17,-2.48756
2011-11-18,2.55102
2011-11-21,-1.99005
2011-11-22,-1.52284
2011-11-23,-2.57732
2011-11-24,.
2011-11-25,.
2011-11-28,0.00000
2011-11-29,1.52284
2011-11-30,4.00000
2011-12-01,1.44231
2011-12-02,-2.84360
2011-12-05,-0.48780
2011-12-06,1.96078
2011-12-07,-2.88462
2011-12-08,-1.48515
2011-12-09,4.02010
2011-12-12,-1.93237
2011-12-13,-3.44828
2011-12-14,-2.04082
2011-12-15,0.00000
2011-12-16,-3.12500
2011-12-19,-2.15054
2011-12-20,6.59341
2011-12-21,2.06186
2011-12-22,-0.50505
2011-12-23,3.04569
2011-12-26,.
2011-12-27,.
2011-12-28,-4.45545
2011-12-29,-1.03627
2011-12-30,-1.04712
2012-01-02,.
2012-01-03,.
2012-01-04,1.52284
2012-01-05,1.00000
2012-01-06,-1.98020
2012-01-09,0.00000
2012-01-10,1.01010
2012-01-11,-3.50000
2012-01-12,0.51813
2012-01-13,-2.57732
2012-01-16,.
2012-01-17,.
2012-01-18,2.67380
2012-01-19,4.68750
2012-01-20,1.99005
2012-01-23,1.95122
2012-01-24,-0.47847
2012-01-25,-3.36538
2012-01-26,-2.48756
2012-01-27,-1.53061
2012-01-30,-3.10881
2012-01-31,-2.13904
2012-02-01,2.18579
2012-02-02,-0.53476
2012-02-03,5.91398
2012-02-06,-2.03046
2012-02-07,3.62694
2012-02-08,0.50000
2012-02-09,1.49254
2012-02-10,-3.92157
2012-02-13,1.53061
2012-02-14,-3.51759
2012-02-15,0.52083
2012-02-16,3.10881
2012-02-17,1.00503
2012-02-20,.
2012-02-21,.
2012-02-22,-1.95122
2012-02-23,-0.99502
2012-02-24,-0.50251
2012-02-27,-3.03030
2012-02-28,1.04167
2012-02-29,2.06186
2012-03-01,2.52525
2012-03-02,-1.97044
2012-03-05,0.50251
2012-03-06,-2.00000
2012-03-07,1.02041
2012-03-08,2.52525
2012-03-09,0.49261
2012-03-12,0.00000
2012-03-13,4.90196
2012-03-14,7.00935
2012-03-15,0.00000
2012-03-16,0.87336
2012-03-19,3.46320
2012-03-20,-0.41841
2012-03-21,-2.94118
2012-03-22,-0.86580
2012-03-23,-1.74672
2012-03-26,0.44444
2012-03-27,-2.65487
2012-03-28,0.45455
2012-03-29,-1.35747
2012-03-30,2.29358
2012-04-02,-0.44843
2012-04-03,3.60360
2012-04-04,-2.17391
2012-04-05,-2.66667
2012-04-06,-5.47945
2012-04-09,-0.48309
2012-04-10,-2.42718
2012-04-11,1.99005
2012-04-12,1.46341
2012-04-13,-2.88462
2012-04-16,-0.99010
2012-04-17,1.50000
2012-04-18,-1.47783
2012-04-19,-1.00000
2012-04-20,0.50505
2012-04-23,-1.50754
2012-04-24,2.04082
2012-04-25,0.50000
2012-04-26,-1.49254
2012-04-27,-1.01010
2012-04-30,-0.51020
2012-05-01,1.53846
2012-05-02,-1.01010
2012-05-03,0.00000
2012-05-04,-2.55102
2012-05-07,0.52356
2012-05-08,-2.08333
2012-05-09,-0.53191
2012-05-10,1.06952
2012-05-11,-2.64550
2012-05-14,-3.26087
2012-05-15,-1.12360
2012-05-16,0.00000
2012-05-17,-3.40909
2012-05-18,0.58824
2012-05-21,2.33918
2012-05-22,2.28571
2012-05-23,-3.35196
2012-05-24,2.31214
2012-05-25,-1.12994
2012-05-28,.
2012-05-29,.
2012-05-30,-6.32184
2012-05-31,-2.45399
2012-06-01,-7.54717
2012-06-04,4.08163
2012-06-05,2.61438
2012-06-06,5.73248
2012-06-07,0.00000
2012-06-08,-0.60241
2012-06-11,-3.03030
2012-06-12,4.37500
2012-06-13,-3.59281
2012-06-14,1.86335
2012-06-15,-2.43902
2012-06-18,-0.62500
2012-06-19,3.14465
2012-06-20,0.60976
2012-06-21,-1.21212
2012-06-22,3.68098
2012-06-25,-3.55030
2012-06-26,1.84049
2012-06-27,-0.60241
2012-06-28,-3.03030
2012-06-29,4.37500
2012-07-02,-3.59281
2012-07-03,2.48447
2012-07-04,.
2012-07-05,.
2012-07-06,-3.08642
2012-07-09,-2.54777
2012-07-10,0.00000
2012-07-11,0.65359
2012-07-12,-2.59740
2012-07-13,1.33333
2012-07-16,-1.31579
2012-07-17,2.00000
2012-07-18,-0.65359
2012-07-19,1.31579
2012-07-20,-3.24675
2012-07-23,-1.34228
2012-07-24,-2.04082
2012-07-25,-0.69444
2012-07-26,1.39860
2012-07-27,8.96552
2012-07-30,-3.16456
2012-07-31,-1.30719
2012-08-01,3.31126
2012-08-02,-3.20513
2012-08-03,5.96026
2012-08-06,-0.62500
2012-08-07,4.40252
2012-08-08,1.20482
2012-08-09,0.59524
2012-08-10,-2.36686
2012-08-13,0.00000
2012-08-14,4.84848
2012-08-15,4.04624
2012-08-16,1.66667
2012-08-17,-1.09290
2012-08-20,0.55249
2012-08-21,-1.09890
2012-08-22,-5.00000
2012-08-23,-1.75439
2012-08-24,0.00000
2012-08-27,-1.78571
2012-08-28,-0.60606
2012-08-29,1.21951
2012-08-30,-1.80723
2012-08-31,-3.68098
2012-09-03,.
2012-09-04,.
2012-09-05,0.62893
2012-09-06,5.00000
2012-09-07,-0.59524
2012-09-10,0.59880
2012-09-11,1.19048
2012-09-12,4.11765
2012-09-13,-1.12994
2012-09-14,7.42857
2012-09-17,-1.59574
2012-09-18,-1.62162
2012-09-19,-1.64835
2012-09-20,0.55866
2012-09-21,-1.66667
2012-09-24,-1.69492
2012-09-25,-2.29885
2012-09-26,-3.52941
2012-09-27,1.21951
2012-09-28,-0.60241
2012-10-01,-0.60606
2012-10-02,0.00000
2012-10-03,0.00000
2012-10-04,3.65854
2012-10-05,2.94118
2012-10-08,.
2012-10-09,.
2012-10-10,-1.14943
2012-10-11,-1.16279
2012-10-12,-0.58824
2012-10-15,0.59172
2012-10-16,2.94118
2012-10-17,4.57143
2012-10-18,1.63934
2012-10-19,-3.76344
2012-10-22,2.23464
2012-10-23,-2.18579
2012-10-24,0.55866
2012-10-25,3.33333
2012-10-26,-4.30108
2012-10-29,-2.24719
2012-10-30,.
2012-10-31,.
2012-11-01,1.74419
2012-11-02,0.00000
2012-11-05,-1.71429
2012-11-06,3.48837
2012-11-07,-5.61798
2012-11-08,-3.57143
2012-11-09,-0.61728
2012-11-12,.
2012-11-13,.
2012-11-14,0.00000
2012-11-15,-0.62893
2012-11-16,0.00000
2012-11-19,1.89873
2012-11-20,3.10559
2012-11-21,1.80723
2012-11-22,.
2012-11-23,.
2012-11-26,-2.35294
2012-11-27,-1.20482
2012-11-28,-0.60976
2012-11-29,-0.61350
2012-11-30,0.00000
2012-12-03,0.61728
2012-12-04,-0.61350
2012-12-05,-1.23457
2012-12-06,-0.62500
2012-12-07,3.14465
2012-12-10,-0.60976
2012-12-11,1.84049
2012-12-12,3.61446
2012-12-13,1.16279
2012-12-14,-1.14943
2012-12-17,3.48837
2012-12-18,3.37079
2012-12-19,-1.08696
2012-12-20,-0.54945
2012-12-21,-2.20994
2012-12-24,1.12994
2012-12-25,.
2012-12-26,.
2012-12-27,-1.69492
2012-12-28,-0.57471
2012-12-31,2.89017
2013-01-01,.
2013-01-02,.
2013-01-03,3.22581
2013-01-04,0.52083
2013-01-07,-0.51813
2013-01-08,-1.56250
2013-01-09,-0.52910
2013-01-10,1.59574
2013-01-11,-1.04712
2013-01-14,0.00000
2013-01-15,-1.58730
2013-01-16,-1.07527
2013-01-17,2.71739
2013-01-18,-1.05820
2013-01-21,.
2013-01-22,.
2013-01-23,0.00000
2013-01-24,1.07527
2013-01-25,5.31915
2013-01-28,1.01010
2013-01-29,1.50000
2013-01-30,0.00000
2013-01-31,-0.49261
2013-02-01,0.99010
2013-02-04,-1.96078
2013-02-05,2.00000
2013-02-06,-1.96078
2013-02-07,-0.50000
2013-02-08,0.00000
2013-02-11,0.00000
2013-02-12,1.50754
2013-02-13,1.48515
2013-02-14,-2.43902
2013-02-15,0.50000
2013-02-18,.
2013-02-19,.
2013-02-20,-0.49261
2013-02-21,-1.48515
2013-02-22,-1.00503
2013-02-25,-4.56853
2013-02-26,0.00000
2013-02-27,1.59574
2013-02-28,-1.04712
2013-03-01,-1.58730
2013-03-04,1.07527
2013-03-05,1.06383
2013-03-06,2.63158
2013-03-07,2.56410
2013-03-08,3.00000
2013-03-11,0.48544
2013-03-12,-1.93237
2013-03-13,0.49261
2013-03-14,0.00000
2013-03-15,-1.47059
2013-03-18,-2.48756
2013-03-19,-2.04082
2013-03-20,2.08333
2013-03-21,-0.51020
2013-03-22,-1.02564
2013-03-25,0.00000
2013-03-26,-0.51813
2013-03-27,-2.60417
2013-03-28,0.00000
2013-03-29,.
2013-04-01,.
2013-04-02,1.07527
2013-04-03,-2.65957
2013-04-04,-2.73224
2013-04-05,-3.37079
2013-04-08,2.32558
2013-04-09,1.13636
2013-04-10,3.37079
2013-04-11,-1.08696
2013-04-12,-3.84615
2013-04-15,-1.71429
2013-04-16,1.74419
2013-04-17,-1.14286
2013-04-18,-0.57803
2013-04-19,0.58140
2013-04-22,-0.57803
2013-04-23,1.16279
2013-04-24,-0.57471
2013-04-25,0.57803
2013-04-26,-2.29885
2013-04-29,0.00000
2013-04-30,0.00000
2013-05-01,-2.35294
2013-05-02,0.00000
2013-05-03,7.22892
2013-05-06,1.12360
2013-05-07,1.11111
2013-05-08,-0.54945
2013-05-09,0.00000
2013-05-10,4.97238
2013-05-13,1.05263
2013-05-14,2.08333
2013-05-15,-1.02041
2013-05-16,-3.60825
2013-05-17,4.27807
2013-05-20,1.02564
2013-05-21,-1.52284
2013-05-22,4.63918
2013-05-23,-0.49261
2013-05-24,-0.49505
2013-05-27,.
2013-05-28,.
2013-05-29,-0.93023
2013-05-30,0.00000
2013-05-31,1.40845
2013-06-03,-1.38889
2013-06-04,0.46948
2013-06-05,-1.86916
2013-06-06,-0.95238
2013-06-07,4.32692
2013-06-10,2.30415
2013-06-11,-0.90090
2013-06-12,2.27273
2013-06-13,-2.66667
2013-06-14,-2.28311
2013-06-17,2.33645
2013-06-18,0.45662
2013-06-19,5.90909
2013-06-20,3.43348
2013-06-21,4.56432
2013-06-24,1.98413
2013-06-25,1.16732
2013-06-26,-1.92308
2013-06-27,-2.35294
2013-06-28,1.20482
2013-07-01,-0.79365
2013-07-02,-0.80000
2013-07-03,1.61290
2013-07-04,.
2013-07-05,.
2013-07-08,-2.93040
2013-07-09,0.00000
2013-07-10,1.88679
2013-07-11,-3.70370
2013-07-12,0.38462
2013-07-15,-1.53257
2013-07-16,-0.77821
2013-07-17,-1.17647
2013-07-18,1.58730
2013-07-19,-2.34375
2013-07-22,0.00000
2013-07-23,1.20000
2013-07-24,3.16206
2013-07-25,0.00000
2013-07-26,-1.14943
2013-07-29,1.16279
2013-07-30,0.76628
2013-07-31,-1.14068
2013-08-01,5.38462
2013-08-02,-4.01460
2013-08-05,1.52091
2013-08-06,0.00000
2013-08-07,-2.24719
2013-08-08,-1.14943
2013-08-09,-0.38760
2013-08-12,1.55642
2013-08-13,3.83142
2013-08-14,0.00000
2013-08-15,2.21402
2013-08-16,2.52708
2013-08-19,1.40845
2013-08-20,-2.08333
2013-08-21,1.77305
2013-08-22,1.04530
2013-08-23,-2.75862
2013-08-26,-1.06383
2013-08-27,-2.50896
2013-08-28,2.20588
2013-08-29,-1.07914
2013-08-30,1.09091
2013-09-02,.
2013-09-03,.
2013-09-04,1.39860
2013-09-05,2.75862
2013-09-06,-1.34228
2013-09-09,-1.36054
2013-09-10,2.06897
2013-09-11,-1.01351
2013-09-12,-0.34130
2013-09-13,-0.68493
2013-09-16,-0.68966
2013-09-17,-0.69444
2013-09-18,-5.94406
2013-09-19,2.60223
2013-09-20,-0.36232
2013-09-23,-1.09091
2013-09-24,-1.83824
2013-09-25,-1.49813
2013-09-26,1.14068
2013-09-27,-0.75188
2013-09-30,0.00000
2013-10-01,0.75758
2013-10-02,-1.12782
2013-10-03,-0.38023
2013-10-04,1.52672
2013-10-07,-0.37594
2013-10-08,0.37736
2013-10-09,0.75188
2013-10-10,1.11940
2013-10-11,-0.36900
2013-10-14,.
2013-10-15,.
2013-10-16,-2.18182
2013-10-17,-2.97398
2013-10-18,-0.38314
2013-10-21,1.15385
2013-10-22,-3.42205
2013-10-23,-1.18110
2013-10-24,0.79681
2013-10-25,0.00000
2013-10-28,0.39526
2013-10-29,-0.39370
2013-10-30,0.79051
2013-10-31,0.78431
2013-11-01,3.11284
2013-11-04,-0.75472
2013-11-05,2.28137
2013-11-06,-0.74349
2013-11-07,-1.49813
2013-11-08,5.32319
2013-11-11,.
2013-11-12,.
2013-11-13,-1.78571
2013-11-14,-2.18182
2013-11-15,0.74349
2013-11-18,-1.47601
2013-11-19,1.49813
2013-11-20,3.32103
2013-11-21,-0.35714
2013-11-22,-1.43369
2013-11-25,-0.36364
2013-11-26,-1.09489
2013-11-27,1.10701
2013-11-28,.
2013-11-29,.
2013-12-02,2.18182
2013-12-03,-0.71174
2013-12-04,1.79211
2013-12-05,1.40845
2013-12-06,0.00000
2013-12-09,-0.69444
2013-12-10,-1.74825
2013-12-11,1.77936
2013-12-12,1.04895
2013-12-13,-0.34602
2013-12-16,0.34722
2013-12-17,-1.38408
2013-12-18,1.40351
2013-12-19,1.73010
2013-12-20,-1.70068
2013-12-23,1.73010
2013-12-24,1.70068
2013-12-25,.
2013-12-26,.
2013-12-27,0.66667
2013-12-30,-0.99338
2013-12-31,1.67224
2014-01-01,.
2014-01-02,.
2014-01-03,0.33333
2014-01-06,-0.99668
2014-01-07,-0.67114
2014-01-08,1.68919
2014-01-09,-1.32890
2014-01-10,-3.03030
2014-01-13,-1.38889
2014-01-14,1.40845
2014-01-15,0.69444
2014-01-16,-1.37931
2014-01-17,-0.69930
2014-01-20,.
2014-01-21,.
2014-01-22,0.70175
2014-01-23,-2.78746
2014-01-24,-1.43369
2014-01-27,1.09091
2014-01-28,-0.35971
2014-01-29,-2.88809
2014-01-30,1.11524
2014-01-31,-1.83824
2014-02-03,-2.24719
2014-02-04,1.14943
2014-02-05,2.27273
2014-02-06,1.11111
2014-02-07,-0.73260
2014-02-10,-0.36900
2014-02-11,1.85185
2014-02-12,1.81818
2014-02-13,-2.50000
2014-02-14,0.73260
2014-02-17,.
2014-02-18,.
2014-02-19,0.73801
2014-02-20,1.09890
2014-02-21,-1.08696
2014-02-24,0.73260
2014-02-25,-1.81818
2014-02-26,-1.11111
2014-02-27,-0.74906
2014-02-28,0.37736
2014-03-03,-2.25564
2014-03-04,3.84615
2014-03-05,0.00000
2014-03-06,1.48148
2014-03-07,2.18978
2014-03-10,-0.35714
2014-03-11,-0.71685
2014-03-12,-1.44404
2014-03-13,-2.56410
2014-03-14,-0.37594
2014-03-17,1.88679
2014-03-18,-0.74074
2014-03-19,3.73134
2014-03-20,0.35971
2014-03-21,-1.43369
2014-03-24,-0.36364
2014-03-25,0.36496
2014-03-26,-1.45455
2014-03-27,-0.73801
2014-03-28,1.48699
2014-03-31,0.00000
2014-04-01,1.46520
2014-04-02,1.80505
2014-04-03,-0.70922
2014-04-04,-2.14286
2014-04-07,-1.09489
2014-04-08,-0.73801
2014-04-09,0.74349
2014-04-10,-2.21402
2014-04-11,-0.75472
2014-04-14,0.76046
2014-04-15,-0.37736
2014-04-16,0.37879
2014-04-17,3.01887
2014-04-18,.
2014-04-21,.
2014-04-22,0.00000
2014-04-23,-1.09890
2014-04-24,0.00000
2014-04-25,-0.74074
2014-04-28,0.74627
2014-04-29,0.37037
2014-04-30,-1.47601
2014-05-01,-1.49813
2014-05-02,-1.14068
2014-05-05,1.15385
2014-05-06,-0.76046
2014-05-07,0.38314
2014-05-08,-0.38168
2014-05-09,0.38314
2014-05-12,1.52672
2014-05-13,-1.87970
2014-05-14,-2.68199
2014-05-15,-1.57480
2014-05-16,0.80000
2014-05-19,0.79365
2014-05-20,-0.78740
2014-05-21,0.79365
2014-05-22,0.78740
2014-05-23,-0.78125
2014-05-26,.
2014-05-27,.
2014-05-28,-3.17460
2014-05-29,0.40984
2014-05-30,1.22449
2014-06-02,2.41935
2014-06-03,2.36220
2014-06-04,0.38462
2014-06-05,-0.76628
2014-06-06,0.38610
2014-06-09,0.76923
2014-06-10,0.76336
2014-06-11,0.37879
2014-06-12,-2.64151
2014-06-13,0.77519
2014-06-16,0.38462
2014-06-17,1.91571
2014-06-18,-1.87970
2014-06-19,1.14943
2014-06-20,-0.37879
2014-06-23,0.00000
2014-06-24,-1.52091
2014-06-25,-0.77220
2014-06-26,-1.55642
2014-06-27,0.39526
2014-06-30,-0.39370
2014-07-01,1.97628
2014-07-02,2.32558
2014-07-03,0.37879
2014-07-04,.
2014-07-07,.
2014-07-08,-1.90114
2014-07-09,-0.38760
2014-07-10,-0.77821
2014-07-11,-0.78431
2014-07-14,0.79051
2014-07-15,0.39216
2014-07-16,-0.39063
2014-07-17,-3.13725
2014-07-18,1.21457
2014-07-21,-0.40000
2014-07-22,-0.40161
2014-07-23,0.00000
2014-07-24,1.61290
2014-07-25,-1.58730
2014-07-28,0.80645
2014-07-29,-1.20000
2014-07-30,4.04858
2014-07-31,0.38911
2014-08-01,-2.32558
2014-08-04,-0.39683
2014-08-05,-0.79681
2014-08-06,0.00000
2014-08-07,-2.40964
2014-08-08,0.41152
2014-08-11,0.00000
2014-08-12,0.81967
2014-08-13,-1.21951
2014-08-14,-1.23457
2014-08-15,-2.50000
2014-08-18,2.13675
2014-08-19,0.41841
2014-08-20,1.25000
2014-08-21,-0.82305
2014-08-22,-0.41494
2014-08-25,-0.41667
2014-08-26,0.00000
2014-08-27,-0.83682
2014-08-28,-1.26582
2014-08-29,0.42735
2014-09-01,.
2014-09-02,.
2014-09-03,-0.41322
2014-09-04,1.65975
2014-09-05,0.40816
2014-09-08,0.81301
2014-09-09,0.80645
2014-09-10,1.60000
2014-09-11,0.00000
2014-09-12,3.14961
2014-09-15,-0.76336
2014-09-16,0.00000
2014-09-17,0.76923
2014-09-18,0.38168
2014-09-19,-1.52091
2014-09-22,-0.77220
2014-09-23,-1.16732
2014-09-24,1.18110
2014-09-25,-1.94553
2014-09-26,0.79365
2014-09-29,-1.57480
2014-09-30,0.80000
2014-10-01,-3.96825
2014-10-02,0.82645
2014-10-03,0.40984
2014-10-06,-0.81633
2014-10-07,-2.88066
2014-10-08,-0.42373
2014-10-09,-0.42553
2014-10-10,-1.28205
2014-10-13,.
2014-10-14,.
2014-10-15,-2.71493
2014-10-16,0.93023
2014-10-17,2.30415
2014-10-20,-0.90090
2014-10-21,1.36364
2014-10-22,0.89686
2014-10-23,1.77778
2014-10-24,0.00000
2014-10-27,-0.87336
2014-10-28,1.32159
2014-10-29,1.73913
2014-10-30,-0.85470
2014-10-31,1.29310
2014-11-03,0.42553
2014-11-04,-0.42373
2014-11-05,0.42553
2014-11-06,1.27119
2014-11-07,-2.92887
2014-11-10,2.58621
2014-11-11,.
2014-11-12,.
2014-11-13,-0.84388
2014-11-14,-1.27660
2014-11-17,0.86207
2014-11-18,-0.85470
2014-11-19,1.72414
2014-11-20,-0.84746
2014-11-21,-1.28205
2014-11-24,-0.43290
2014-11-25,-1.30435
2014-11-26,-1.32159
2014-11-27,.
2014-11-28,.
2014-12-01,1.83486
2014-12-02,2.70270
2014-12-03,0.43860
2014-12-04,-1.74672
2014-12-05,2.66667
2014-12-08,-2.16450
2014-12-09,-1.76991
2014-12-10,-1.80180
2014-12-11,0.45872
2014-12-12,-4.10959
2014-12-15,0.95238
2014-12-16,-2.35849
2014-12-17,3.38164
2014-12-18,3.73832
2014-12-19,-2.25225
2014-12-22,0.00000
2014-12-23,4.14747
2014-12-24,0.44248
2014-12-25,.
2014-12-26,.
2014-12-29,-1.33333
2014-12-30,-0.90090
2014-12-31,-1.36364
2015-01-01,.
2015-01-02,.
2015-01-05,-3.77358
2015-01-06,-3.43137
2015-01-07,-0.50761
2015-01-08,3.57143
2015-01-09,-2.46305
2015-01-12,-3.03030
2015-01-13,-0.52083
2015-01-14,-2.61780
2015-01-15,-4.83871
2015-01-16,3.38983
2015-01-19,.
2015-01-20,.
2015-01-21,2.74725
2015-01-22,1.60428
2015-01-23,-4.73684
2015-01-26,1.10497
2015-01-27,0.00000
2015-01-28,-5.46448
2015-01-29,2.31214
2015-01-30,-5.08475
2015-02-02,0.00000
2015-02-03,6.54762
2015-02-04,1.11732
2015-02-05,1.10497
2015-02-06,6.55738
2015-02-09,0.51282
2015-02-10,2.55102
2015-02-11,-0.49751
2015-02-12,-0.50000
2015-02-13,1.50754
2015-02-16,.
2015-02-17,.
2015-02-18,-3.27103
2015-02-19,1.93237
2015-02-20,0.94787
2015-02-23,-3.28638
2015-02-24,-3.39806
2015-02-25,-1.50754
2015-02-26,3.57143
2015-02-27,-1.47783
2015-03-02,4.00000
2015-03-03,1.92308
2015-03-04,0.00000
2015-03-05,-0.47170
2015-03-06,6.16114
2015-03-09,-1.78571
2015-03-10,-2.72727
2015-03-11,-1.40187
2015-03-12,-0.47393
2015-03-13,1.42857
2015-03-16,-1.40845
2015-03-17,-1.90476
2015-03-18,-6.31068
2015-03-19,2.59067
2015-03-20,-2.52525
2015-03-23,-0.51813
2015-03-24,-2.08333
2015-03-25,2.65957
2015-03-26,4.14508
2015-03-27,-2.98507
2015-03-30,0.51282
2015-03-31,-1.02041
2015-04-01,-3.60825
2015-04-02,2.67380
2015-04-03,-3.64583
2015-04-06,3.78378
2015-04-07,-1.56250
2015-04-08,1.58730
2015-04-09,2.60417
2015-04-10,-0.50761
2015-04-13,-1.02041
2015-04-14,-2.06186
2015-04-15,0.52632
2015-04-16,-0.52356
2015-04-17,-1.57895
2015-04-20,1.60428
2015-04-21,1.05263
2015-04-22,3.64583
2015-04-23,-1.50754
2015-04-24,-1.53061
2015-04-27,0.51813
2015-04-28,3.09278
2015-04-29,3.00000
2015-04-30,-0.48544
2015-05-01,3.41463
2015-05-04,1.88679
2015-05-05,1.38889
2015-05-06,2.73973
2015-05-07,-3.11111
2015-05-08,-0.91743
2015-05-11,5.55556
2015-05-12,0.00000
2015-05-13,-0.43860
2015-05-14,-1.76211
2015-05-15,-4.03587
2015-05-18,4.20561
2015-05-19,1.79372
2015-05-20,-0.44053
2015-05-21,-3.09735
2015-05-22,0.91324
2015-05-25,.
2015-05-26,.
2015-05-27,0.00000
2015-05-28,-0.46729
2015-05-29,-0.46948
2015-06-01,3.30189
2015-06-02,3.65297
2015-06-03,4.84581
2015-06-04,-2.94118
2015-06-05,4.32900
2015-06-08,-0.82988
2015-06-09,1.25523
2015-06-10,3.30579
2015-06-11,-4.40000
2015-06-12,0.00000
2015-06-15,-1.25523
2015-06-16,-1.69492
2015-06-17,0.00000
2015-06-18,1.29310
2015-06-19,-3.82979
2015-06-22,4.86726
2015-06-23,2.10970
2015-06-24,-1.65289
2015-06-25,0.84034
2015-06-26,3.75000
2015-06-29,-6.42570
2015-06-30,0.85837
2015-07-01,3.40426
2015-07-02,-1.23457
2015-07-03,.
2015-07-06,.
2015-07-07,-1.30435
2015-07-08,-2.20264
2015-07-09,4.50450
2015-07-10,4.31034
2015-07-13,0.82645
2015-07-14,-1.22951
2015-07-15,-2.07469
2015-07-16,0.00000
2015-07-17,-0.84746
2015-07-20,1.70940
2015-07-21,-1.26050
2015-07-22,-0.85106
2015-07-23,-2.14592
2015-07-24,-0.43860
2015-07-27,-1.76211
2015-07-28,1.34529
2015-07-29,1.32743
2015-07-30,-0.43668
2015-07-31,-3.50877
2015-08-03,-1.81818
2015-08-04,3.24074
2015-08-05,2.24215
